insert into "PLANNING_TOOL"."EXPECTED_OUTCOME"(EXPECTED_OUTCOME_ID, NAME, CREATED_USER_ID) values(1, 'Business',1);
insert into "PLANNING_TOOL"."EXPECTED_OUTCOME"(EXPECTED_OUTCOME_ID, NAME, CREATED_USER_ID) values(2, 'Campaign Forecasting',1);
insert into "PLANNING_TOOL"."EXPECTED_OUTCOME"(EXPECTED_OUTCOME_ID, NAME, CREATED_USER_ID) values(3, 'Operational',1);

insert into "PLANNING_TOOL"."EXPECTED_OUTCOME_OPTION"(EXPECTED_OUTCOME_OPTION_ID, NAME, CREATED_USER_ID) values(1, 'Adoption - Field Marketing',1);
insert into "PLANNING_TOOL"."EXPECTED_OUTCOME_OPTION"(EXPECTED_OUTCOME_OPTION_ID, NAME, CREATED_USER_ID) values(2, 'Adoption - Partners',1);
insert into "PLANNING_TOOL"."EXPECTED_OUTCOME_OPTION"(EXPECTED_OUTCOME_OPTION_ID, NAME, CREATED_USER_ID) values(3, 'Apps',1);
insert into "PLANNING_TOOL"."EXPECTED_OUTCOME_OPTION"(EXPECTED_OUTCOME_OPTION_ID, NAME, CREATED_USER_ID) values(4, 'Assets - Case of Study/Success Story',1);
insert into "PLANNING_TOOL"."EXPECTED_OUTCOME_OPTION"(EXPECTED_OUTCOME_OPTION_ID, NAME, CREATED_USER_ID) values(5, 'Assets - Collateral',1);
insert into "PLANNING_TOOL"."EXPECTED_OUTCOME_OPTION"(EXPECTED_OUTCOME_OPTION_ID, NAME, CREATED_USER_ID) values(6, 'Assets - Translations',1);
insert into "PLANNING_TOOL"."EXPECTED_OUTCOME_OPTION"(EXPECTED_OUTCOME_OPTION_ID, NAME, CREATED_USER_ID) values(8, 'Attendees',1);
insert into "PLANNING_TOOL"."EXPECTED_OUTCOME_OPTION"(EXPECTED_OUTCOME_OPTION_ID, NAME, CREATED_USER_ID) values(9, 'Infrastructure',1);
insert into "PLANNING_TOOL"."EXPECTED_OUTCOME_OPTION"(EXPECTED_OUTCOME_OPTION_ID, NAME, CREATED_USER_ID) values(10, 'L3-L5',1);
insert into "PLANNING_TOOL"."EXPECTED_OUTCOME_OPTION"(EXPECTED_OUTCOME_OPTION_ID, NAME, CREATED_USER_ID) values(11, 'MGO',1);
insert into "PLANNING_TOOL"."EXPECTED_OUTCOME_OPTION"(EXPECTED_OUTCOME_OPTION_ID, NAME, CREATED_USER_ID) values(12, 'MGO GB - High',1);
insert into "PLANNING_TOOL"."EXPECTED_OUTCOME_OPTION"(EXPECTED_OUTCOME_OPTION_ID, NAME, CREATED_USER_ID) values(13, 'MGO GB - Low',1);
insert into "PLANNING_TOOL"."EXPECTED_OUTCOME_OPTION"(EXPECTED_OUTCOME_OPTION_ID, NAME, CREATED_USER_ID) values(14, 'MGOs',1);
insert into "PLANNING_TOOL"."EXPECTED_OUTCOME_OPTION"(EXPECTED_OUTCOME_OPTION_ID, NAME, CREATED_USER_ID) values(15, 'MGOs B1',1);
insert into "PLANNING_TOOL"."EXPECTED_OUTCOME_OPTION"(EXPECTED_OUTCOME_OPTION_ID, NAME, CREATED_USER_ID) values(16, 'MGOs Cloud',1);
insert into "PLANNING_TOOL"."EXPECTED_OUTCOME_OPTION"(EXPECTED_OUTCOME_OPTION_ID, NAME, CREATED_USER_ID) values(17, 'MGOs Direct JPR',1);
insert into "PLANNING_TOOL"."EXPECTED_OUTCOME_OPTION"(EXPECTED_OUTCOME_OPTION_ID, NAME, CREATED_USER_ID) values(18, 'MGOs GB - All',1);
insert into "PLANNING_TOOL"."EXPECTED_OUTCOME_OPTION"(EXPECTED_OUTCOME_OPTION_ID, NAME, CREATED_USER_ID) values(19, 'MIP',1);
insert into "PLANNING_TOOL"."EXPECTED_OUTCOME_OPTION"(EXPECTED_OUTCOME_OPTION_ID, NAME, CREATED_USER_ID) values(20, 'MTP',1);
insert into "PLANNING_TOOL"."EXPECTED_OUTCOME_LEVEL"(HIERARCHY_LEVEL_ID, EXPECTED_OUTCOME_ID,EXPECTED_OUTCOME_OPTION_ID, CREATED_USER_ID) values(1,1, 9,1);
insert into "PLANNING_TOOL"."EXPECTED_OUTCOME_LEVEL"(HIERARCHY_LEVEL_ID, EXPECTED_OUTCOME_ID,EXPECTED_OUTCOME_OPTION_ID, CREATED_USER_ID) values(1,1, 15,1);
insert into "PLANNING_TOOL"."EXPECTED_OUTCOME_LEVEL"(HIERARCHY_LEVEL_ID, EXPECTED_OUTCOME_ID,EXPECTED_OUTCOME_OPTION_ID, CREATED_USER_ID) values(1,1, 16,1);
insert into "PLANNING_TOOL"."EXPECTED_OUTCOME_LEVEL"(HIERARCHY_LEVEL_ID, EXPECTED_OUTCOME_ID,EXPECTED_OUTCOME_OPTION_ID, CREATED_USER_ID) values(1,1, 17,1);
insert into "PLANNING_TOOL"."EXPECTED_OUTCOME_LEVEL"(HIERARCHY_LEVEL_ID, EXPECTED_OUTCOME_ID,EXPECTED_OUTCOME_OPTION_ID, CREATED_USER_ID) values(1,1, 11,1);
insert into "PLANNING_TOOL"."EXPECTED_OUTCOME_LEVEL"(HIERARCHY_LEVEL_ID, EXPECTED_OUTCOME_ID,EXPECTED_OUTCOME_OPTION_ID, CREATED_USER_ID) values(1,1, 12,1);
insert into "PLANNING_TOOL"."EXPECTED_OUTCOME_LEVEL"(HIERARCHY_LEVEL_ID, EXPECTED_OUTCOME_ID,EXPECTED_OUTCOME_OPTION_ID, CREATED_USER_ID) values(1,1, 13,1);
insert into "PLANNING_TOOL"."EXPECTED_OUTCOME_LEVEL"(HIERARCHY_LEVEL_ID, EXPECTED_OUTCOME_ID,EXPECTED_OUTCOME_OPTION_ID, CREATED_USER_ID) values(1,1, 18,1);
insert into "PLANNING_TOOL"."EXPECTED_OUTCOME_LEVEL"(HIERARCHY_LEVEL_ID, EXPECTED_OUTCOME_ID,EXPECTED_OUTCOME_OPTION_ID, CREATED_USER_ID) values(1,3, 1,1);
insert into "PLANNING_TOOL"."EXPECTED_OUTCOME_LEVEL"(HIERARCHY_LEVEL_ID, EXPECTED_OUTCOME_ID,EXPECTED_OUTCOME_OPTION_ID, CREATED_USER_ID) values(1,3, 2,1);
insert into "PLANNING_TOOL"."EXPECTED_OUTCOME_LEVEL"(HIERARCHY_LEVEL_ID, EXPECTED_OUTCOME_ID,EXPECTED_OUTCOME_OPTION_ID, CREATED_USER_ID) values(1,3, 3,1);
insert into "PLANNING_TOOL"."EXPECTED_OUTCOME_LEVEL"(HIERARCHY_LEVEL_ID, EXPECTED_OUTCOME_ID,EXPECTED_OUTCOME_OPTION_ID, CREATED_USER_ID) values(1,3, 4,1);
insert into "PLANNING_TOOL"."EXPECTED_OUTCOME_LEVEL"(HIERARCHY_LEVEL_ID, EXPECTED_OUTCOME_ID,EXPECTED_OUTCOME_OPTION_ID, CREATED_USER_ID) values(1,3, 5,1);
insert into "PLANNING_TOOL"."EXPECTED_OUTCOME_LEVEL"(HIERARCHY_LEVEL_ID, EXPECTED_OUTCOME_ID,EXPECTED_OUTCOME_OPTION_ID, CREATED_USER_ID) values(1,3, 6,1);
insert into "PLANNING_TOOL"."EXPECTED_OUTCOME_LEVEL"(HIERARCHY_LEVEL_ID, EXPECTED_OUTCOME_ID,EXPECTED_OUTCOME_OPTION_ID, CREATED_USER_ID) values(2,1, 9,1);
insert into "PLANNING_TOOL"."EXPECTED_OUTCOME_LEVEL"(HIERARCHY_LEVEL_ID, EXPECTED_OUTCOME_ID,EXPECTED_OUTCOME_OPTION_ID, CREATED_USER_ID) values(2,1, 15,1);
insert into "PLANNING_TOOL"."EXPECTED_OUTCOME_LEVEL"(HIERARCHY_LEVEL_ID, EXPECTED_OUTCOME_ID,EXPECTED_OUTCOME_OPTION_ID, CREATED_USER_ID) values(2,1, 16,1);
insert into "PLANNING_TOOL"."EXPECTED_OUTCOME_LEVEL"(HIERARCHY_LEVEL_ID, EXPECTED_OUTCOME_ID,EXPECTED_OUTCOME_OPTION_ID, CREATED_USER_ID) values(2,1, 17,1);
insert into "PLANNING_TOOL"."EXPECTED_OUTCOME_LEVEL"(HIERARCHY_LEVEL_ID, EXPECTED_OUTCOME_ID,EXPECTED_OUTCOME_OPTION_ID, CREATED_USER_ID) values(2,1, 11,1);
insert into "PLANNING_TOOL"."EXPECTED_OUTCOME_LEVEL"(HIERARCHY_LEVEL_ID, EXPECTED_OUTCOME_ID,EXPECTED_OUTCOME_OPTION_ID, CREATED_USER_ID) values(2,1, 12,1);
insert into "PLANNING_TOOL"."EXPECTED_OUTCOME_LEVEL"(HIERARCHY_LEVEL_ID, EXPECTED_OUTCOME_ID,EXPECTED_OUTCOME_OPTION_ID, CREATED_USER_ID) values(2,1, 13,1);
insert into "PLANNING_TOOL"."EXPECTED_OUTCOME_LEVEL"(HIERARCHY_LEVEL_ID, EXPECTED_OUTCOME_ID,EXPECTED_OUTCOME_OPTION_ID, CREATED_USER_ID) values(2,1, 18,1);
insert into "PLANNING_TOOL"."EXPECTED_OUTCOME_LEVEL"(HIERARCHY_LEVEL_ID, EXPECTED_OUTCOME_ID,EXPECTED_OUTCOME_OPTION_ID, CREATED_USER_ID) values(2,2, 8,1);
insert into "PLANNING_TOOL"."EXPECTED_OUTCOME_LEVEL"(HIERARCHY_LEVEL_ID, EXPECTED_OUTCOME_ID,EXPECTED_OUTCOME_OPTION_ID, CREATED_USER_ID) values(2,2, 10,1);
insert into "PLANNING_TOOL"."EXPECTED_OUTCOME_LEVEL"(HIERARCHY_LEVEL_ID, EXPECTED_OUTCOME_ID,EXPECTED_OUTCOME_OPTION_ID, CREATED_USER_ID) values(2,2, 14,1);
insert into "PLANNING_TOOL"."EXPECTED_OUTCOME_LEVEL"(HIERARCHY_LEVEL_ID, EXPECTED_OUTCOME_ID,EXPECTED_OUTCOME_OPTION_ID, CREATED_USER_ID) values(2,2, 19,1);
insert into "PLANNING_TOOL"."EXPECTED_OUTCOME_LEVEL"(HIERARCHY_LEVEL_ID, EXPECTED_OUTCOME_ID,EXPECTED_OUTCOME_OPTION_ID, CREATED_USER_ID) values(2,2, 20,1);
insert into "PLANNING_TOOL"."EXPECTED_OUTCOME_LEVEL"(HIERARCHY_LEVEL_ID, EXPECTED_OUTCOME_ID,EXPECTED_OUTCOME_OPTION_ID, CREATED_USER_ID) values(2,3, 1,1);
insert into "PLANNING_TOOL"."EXPECTED_OUTCOME_LEVEL"(HIERARCHY_LEVEL_ID, EXPECTED_OUTCOME_ID,EXPECTED_OUTCOME_OPTION_ID, CREATED_USER_ID) values(2,3, 2,1);
insert into "PLANNING_TOOL"."EXPECTED_OUTCOME_LEVEL"(HIERARCHY_LEVEL_ID, EXPECTED_OUTCOME_ID,EXPECTED_OUTCOME_OPTION_ID, CREATED_USER_ID) values(2,3, 3,1);
insert into "PLANNING_TOOL"."EXPECTED_OUTCOME_LEVEL"(HIERARCHY_LEVEL_ID, EXPECTED_OUTCOME_ID,EXPECTED_OUTCOME_OPTION_ID, CREATED_USER_ID) values(2,3, 4,1);
insert into "PLANNING_TOOL"."EXPECTED_OUTCOME_LEVEL"(HIERARCHY_LEVEL_ID, EXPECTED_OUTCOME_ID,EXPECTED_OUTCOME_OPTION_ID, CREATED_USER_ID) values(2,3, 5,1);
insert into "PLANNING_TOOL"."EXPECTED_OUTCOME_LEVEL"(HIERARCHY_LEVEL_ID, EXPECTED_OUTCOME_ID,EXPECTED_OUTCOME_OPTION_ID, CREATED_USER_ID) values(2,3, 6,1);
insert into "PLANNING_TOOL"."EXPECTED_OUTCOME_LEVEL"(HIERARCHY_LEVEL_ID, EXPECTED_OUTCOME_ID,EXPECTED_OUTCOME_OPTION_ID, CREATED_USER_ID) values(3,1, 9,1);
insert into "PLANNING_TOOL"."EXPECTED_OUTCOME_LEVEL"(HIERARCHY_LEVEL_ID, EXPECTED_OUTCOME_ID,EXPECTED_OUTCOME_OPTION_ID, CREATED_USER_ID) values(3,1, 15,1);
insert into "PLANNING_TOOL"."EXPECTED_OUTCOME_LEVEL"(HIERARCHY_LEVEL_ID, EXPECTED_OUTCOME_ID,EXPECTED_OUTCOME_OPTION_ID, CREATED_USER_ID) values(3,1, 16,1);
insert into "PLANNING_TOOL"."EXPECTED_OUTCOME_LEVEL"(HIERARCHY_LEVEL_ID, EXPECTED_OUTCOME_ID,EXPECTED_OUTCOME_OPTION_ID, CREATED_USER_ID) values(3,1, 17,1);
insert into "PLANNING_TOOL"."EXPECTED_OUTCOME_LEVEL"(HIERARCHY_LEVEL_ID, EXPECTED_OUTCOME_ID,EXPECTED_OUTCOME_OPTION_ID, CREATED_USER_ID) values(3,1, 11,1);
insert into "PLANNING_TOOL"."EXPECTED_OUTCOME_LEVEL"(HIERARCHY_LEVEL_ID, EXPECTED_OUTCOME_ID,EXPECTED_OUTCOME_OPTION_ID, CREATED_USER_ID) values(3,1, 12,1);
insert into "PLANNING_TOOL"."EXPECTED_OUTCOME_LEVEL"(HIERARCHY_LEVEL_ID, EXPECTED_OUTCOME_ID,EXPECTED_OUTCOME_OPTION_ID, CREATED_USER_ID) values(3,1, 13,1);
insert into "PLANNING_TOOL"."EXPECTED_OUTCOME_LEVEL"(HIERARCHY_LEVEL_ID, EXPECTED_OUTCOME_ID,EXPECTED_OUTCOME_OPTION_ID, CREATED_USER_ID) values(3,1, 18,1);
insert into "PLANNING_TOOL"."EXPECTED_OUTCOME_LEVEL"(HIERARCHY_LEVEL_ID, EXPECTED_OUTCOME_ID,EXPECTED_OUTCOME_OPTION_ID, CREATED_USER_ID) values(3,2, 8,1);
insert into "PLANNING_TOOL"."EXPECTED_OUTCOME_LEVEL"(HIERARCHY_LEVEL_ID, EXPECTED_OUTCOME_ID,EXPECTED_OUTCOME_OPTION_ID, CREATED_USER_ID) values(3,2, 10,1);
insert into "PLANNING_TOOL"."EXPECTED_OUTCOME_LEVEL"(HIERARCHY_LEVEL_ID, EXPECTED_OUTCOME_ID,EXPECTED_OUTCOME_OPTION_ID, CREATED_USER_ID) values(3,2, 14,1);
insert into "PLANNING_TOOL"."EXPECTED_OUTCOME_LEVEL"(HIERARCHY_LEVEL_ID, EXPECTED_OUTCOME_ID,EXPECTED_OUTCOME_OPTION_ID, CREATED_USER_ID) values(3,2, 19,1);
insert into "PLANNING_TOOL"."EXPECTED_OUTCOME_LEVEL"(HIERARCHY_LEVEL_ID, EXPECTED_OUTCOME_ID,EXPECTED_OUTCOME_OPTION_ID, CREATED_USER_ID) values(3,2, 20,1);
insert into "PLANNING_TOOL"."EXPECTED_OUTCOME_LEVEL"(HIERARCHY_LEVEL_ID, EXPECTED_OUTCOME_ID,EXPECTED_OUTCOME_OPTION_ID, CREATED_USER_ID) values(3,3, 1,1);
insert into "PLANNING_TOOL"."EXPECTED_OUTCOME_LEVEL"(HIERARCHY_LEVEL_ID, EXPECTED_OUTCOME_ID,EXPECTED_OUTCOME_OPTION_ID, CREATED_USER_ID) values(3,3, 2,1);
insert into "PLANNING_TOOL"."EXPECTED_OUTCOME_LEVEL"(HIERARCHY_LEVEL_ID, EXPECTED_OUTCOME_ID,EXPECTED_OUTCOME_OPTION_ID, CREATED_USER_ID) values(3,3, 3,1);
insert into "PLANNING_TOOL"."EXPECTED_OUTCOME_LEVEL"(HIERARCHY_LEVEL_ID, EXPECTED_OUTCOME_ID,EXPECTED_OUTCOME_OPTION_ID, CREATED_USER_ID) values(3,3, 4,1);
insert into "PLANNING_TOOL"."EXPECTED_OUTCOME_LEVEL"(HIERARCHY_LEVEL_ID, EXPECTED_OUTCOME_ID,EXPECTED_OUTCOME_OPTION_ID, CREATED_USER_ID) values(3,3, 5,1);
insert into "PLANNING_TOOL"."EXPECTED_OUTCOME_LEVEL"(HIERARCHY_LEVEL_ID, EXPECTED_OUTCOME_ID,EXPECTED_OUTCOME_OPTION_ID, CREATED_USER_ID) values(3,3, 6,1);


-- *************************************************************************************
-- Update schema version
INSERT INTO SCHEMA_VERSION(VERSION, DESCRIPTION, SCRIPT)
VALUES('V5.0.0-19', 'Initial data for expected outcome, options and level', 'V201702061230__Initial_Data_Expected_Outcome.sql');

COMMIT;