DELETE FROM "PLANNING_TOOL"."ALLOCATION_CATEGORY_OPTION_LEVEL";

DELETE FROM "PLANNING_TOOL"."ALLOCATION_CATEGORY";

DELETE FROM "PLANNING_TOOL"."ALLOCATION_OPTION";

-- INSERTS FOR ALLOCATION_CATEGORY
insert into "PLANNING_TOOL"."ALLOCATION_CATEGORY"(ALLOCATION_CATEGORY_ID, NAME, DESCRIPTION, MEASURE_ID, CREATED_USER_ID) values('1', 'Audience Integrated Plans', 'Audience Integrated Plans', 1, 1);
insert into "PLANNING_TOOL"."ALLOCATION_CATEGORY"(ALLOCATION_CATEGORY_ID, NAME, DESCRIPTION, MEASURE_ID, CREATED_USER_ID) values('2', 'Buying Classification', 'Buying Classification', 1, 1);
insert into "PLANNING_TOOL"."ALLOCATION_CATEGORY"(ALLOCATION_CATEGORY_ID, NAME, DESCRIPTION, MEASURE_ID, CREATED_USER_ID) values('3', 'Customer Journey', 'Customer Journey', 1, 1);
insert into "PLANNING_TOOL"."ALLOCATION_CATEGORY"(ALLOCATION_CATEGORY_ID, NAME, DESCRIPTION, MEASURE_ID, CREATED_USER_ID) values('4', 'Industries', 'Industry category', 1, 1);
insert into "PLANNING_TOOL"."ALLOCATION_CATEGORY"(ALLOCATION_CATEGORY_ID, NAME, DESCRIPTION, MEASURE_ID, CREATED_USER_ID) values('5', 'Marketing Priorities', 'SAP Global Marketing Strategic Priorities', 1, 1);
insert into "PLANNING_TOOL"."ALLOCATION_CATEGORY"(ALLOCATION_CATEGORY_ID, NAME, DESCRIPTION, MEASURE_ID, CREATED_USER_ID) values('6', 'SAP Marketing Pillars', 'Global Marketing Strategy (3Ps and RS)', 1, 1);
insert into "PLANNING_TOOL"."ALLOCATION_CATEGORY"(ALLOCATION_CATEGORY_ID, NAME, DESCRIPTION, MEASURE_ID, CREATED_USER_ID) values('7', 'Solutions', 'Solutions', 1, 1);
insert into "PLANNING_TOOL"."ALLOCATION_CATEGORY"(ALLOCATION_CATEGORY_ID, NAME, DESCRIPTION, MEASURE_ID, CREATED_USER_ID) values('8', 'Type of Investment', 'Type of Investment', 1, 1);


-- INSERTS FOR ALLOCATION_OPTION
insert into "PLANNING_TOOL"."ALLOCATION_OPTION"(ALLOCATION_OPTION_ID, NAME, CREATED_USER_ID) values(1, 'Advocacy', 1);
insert into "PLANNING_TOOL"."ALLOCATION_OPTION"(ALLOCATION_OPTION_ID, NAME, CREATED_USER_ID) values(2, 'Aerospace & Defense', 1);
insert into "PLANNING_TOOL"."ALLOCATION_OPTION"(ALLOCATION_OPTION_ID, NAME, CREATED_USER_ID) values(3, 'Analytics', 1);
insert into "PLANNING_TOOL"."ALLOCATION_OPTION"(ALLOCATION_OPTION_ID, NAME, CREATED_USER_ID) values(4, 'Ariba Buy-side Solutions', 1);
insert into "PLANNING_TOOL"."ALLOCATION_OPTION"(ALLOCATION_OPTION_ID, NAME, CREATED_USER_ID) values(5, 'Ariba Cloud Procurement', 1);
insert into "PLANNING_TOOL"."ALLOCATION_OPTION"(ALLOCATION_OPTION_ID, NAME, CREATED_USER_ID) values(6, 'Ariba Cloud Sales & Marketing', 1);
insert into "PLANNING_TOOL"."ALLOCATION_OPTION"(ALLOCATION_OPTION_ID, NAME, CREATED_USER_ID) values(7, 'Ariba Cloud Sourcing', 1);
insert into "PLANNING_TOOL"."ALLOCATION_OPTION"(ALLOCATION_OPTION_ID, NAME, CREATED_USER_ID) values(8, 'Ariba Contract Management', 1);
insert into "PLANNING_TOOL"."ALLOCATION_OPTION"(ALLOCATION_OPTION_ID, NAME, CREATED_USER_ID) values(9, 'Ariba Discovery', 1);
insert into "PLANNING_TOOL"."ALLOCATION_OPTION"(ALLOCATION_OPTION_ID, NAME, CREATED_USER_ID) values(10, 'Ariba Discovery for Buyers', 1);
insert into "PLANNING_TOOL"."ALLOCATION_OPTION"(ALLOCATION_OPTION_ID, NAME, CREATED_USER_ID) values(11, 'Ariba Financial Solutions', 1);
insert into "PLANNING_TOOL"."ALLOCATION_OPTION"(ALLOCATION_OPTION_ID, NAME, CREATED_USER_ID) values(12, 'Ariba Invoice Management', 1);
insert into "PLANNING_TOOL"."ALLOCATION_OPTION"(ALLOCATION_OPTION_ID, NAME, CREATED_USER_ID) values(13, 'Ariba Network', 1);
insert into "PLANNING_TOOL"."ALLOCATION_OPTION"(ALLOCATION_OPTION_ID, NAME, CREATED_USER_ID) values(14, 'Ariba Procurement', 1);
insert into "PLANNING_TOOL"."ALLOCATION_OPTION"(ALLOCATION_OPTION_ID, NAME, CREATED_USER_ID) values(15, 'Ariba Sell-side Solutions', 1);
insert into "PLANNING_TOOL"."ALLOCATION_OPTION"(ALLOCATION_OPTION_ID, NAME, CREATED_USER_ID) values(16, 'Ariba Sourcing', 1);
insert into "PLANNING_TOOL"."ALLOCATION_OPTION"(ALLOCATION_OPTION_ID, NAME, CREATED_USER_ID) values(17, 'Ariba Spend Analysis', 1);
insert into "PLANNING_TOOL"."ALLOCATION_OPTION"(ALLOCATION_OPTION_ID, NAME, CREATED_USER_ID) values(18, 'Ariba Spot Buy', 1);
insert into "PLANNING_TOOL"."ALLOCATION_OPTION"(ALLOCATION_OPTION_ID, NAME, CREATED_USER_ID) values(19, 'Ariba Spot Quote', 1);
insert into "PLANNING_TOOL"."ALLOCATION_OPTION"(ALLOCATION_OPTION_ID, NAME, CREATED_USER_ID) values(20, 'Ariba Supplier Management', 1);
insert into "PLANNING_TOOL"."ALLOCATION_OPTION"(ALLOCATION_OPTION_ID, NAME, CREATED_USER_ID) values(21, 'Ariba Supply Chain Collaboration', 1);
insert into "PLANNING_TOOL"."ALLOCATION_OPTION"(ALLOCATION_OPTION_ID, NAME, CREATED_USER_ID) values(22, 'Ariba Supply Chain Financing', 1);
insert into "PLANNING_TOOL"."ALLOCATION_OPTION"(ALLOCATION_OPTION_ID, NAME, CREATED_USER_ID) values(23, 'AribaPay', 1);
insert into "PLANNING_TOOL"."ALLOCATION_OPTION"(ALLOCATION_OPTION_ID, NAME, CREATED_USER_ID) values(24, 'Automotive', 1);
insert into "PLANNING_TOOL"."ALLOCATION_OPTION"(ALLOCATION_OPTION_ID, NAME, CREATED_USER_ID) values(25, 'Awareness', 1);
insert into "PLANNING_TOOL"."ALLOCATION_OPTION"(ALLOCATION_OPTION_ID, NAME, CREATED_USER_ID) values(26, 'Banking', 1);
insert into "PLANNING_TOOL"."ALLOCATION_OPTION"(ALLOCATION_OPTION_ID, NAME, CREATED_USER_ID) values(27, 'Banking (IP)', 1);
insert into "PLANNING_TOOL"."ALLOCATION_OPTION"(ALLOCATION_OPTION_ID, NAME, CREATED_USER_ID) values(28, 'Build', 1);
insert into "PLANNING_TOOL"."ALLOCATION_OPTION"(ALLOCATION_OPTION_ID, NAME, CREATED_USER_ID) values(29, 'Business Intelligence', 1);
insert into "PLANNING_TOOL"."ALLOCATION_OPTION"(ALLOCATION_OPTION_ID, NAME, CREATED_USER_ID) values(30, 'Chemicals', 1);
insert into "PLANNING_TOOL"."ALLOCATION_OPTION"(ALLOCATION_OPTION_ID, NAME, CREATED_USER_ID) values(31, 'Consideration', 1);
insert into "PLANNING_TOOL"."ALLOCATION_OPTION"(ALLOCATION_OPTION_ID, NAME, CREATED_USER_ID) values(32, 'Consumer Products', 1);
insert into "PLANNING_TOOL"."ALLOCATION_OPTION"(ALLOCATION_OPTION_ID, NAME, CREATED_USER_ID) values(33, 'Consumer Products (IP)', 1);
insert into "PLANNING_TOOL"."ALLOCATION_OPTION"(ALLOCATION_OPTION_ID, NAME, CREATED_USER_ID) values(34, 'Cross Industry', 1);
insert into "PLANNING_TOOL"."ALLOCATION_OPTION"(ALLOCATION_OPTION_ID, NAME, CREATED_USER_ID) values(35, 'Customer', 1);
insert into "PLANNING_TOOL"."ALLOCATION_OPTION"(ALLOCATION_OPTION_ID, NAME, CREATED_USER_ID) values(36, 'Customer (Active)', 1);
insert into "PLANNING_TOOL"."ALLOCATION_OPTION"(ALLOCATION_OPTION_ID, NAME, CREATED_USER_ID) values(37, 'Customer Dormant', 1);
insert into "PLANNING_TOOL"."ALLOCATION_OPTION"(ALLOCATION_OPTION_ID, NAME, CREATED_USER_ID) values(38, 'Database & Data Management', 1);
insert into "PLANNING_TOOL"."ALLOCATION_OPTION"(ALLOCATION_OPTION_ID, NAME, CREATED_USER_ID) values(39, 'Database (Sybase IQ, ASE, SQL Anywhere)', 1);
insert into "PLANNING_TOOL"."ALLOCATION_OPTION"(ALLOCATION_OPTION_ID, NAME, CREATED_USER_ID) values(40, 'Defense & Security', 1);
insert into "PLANNING_TOOL"."ALLOCATION_OPTION"(ALLOCATION_OPTION_ID, NAME, CREATED_USER_ID) values(41, 'ERP Financials', 1);
insert into "PLANNING_TOOL"."ALLOCATION_OPTION"(ALLOCATION_OPTION_ID, NAME, CREATED_USER_ID) values(42, 'Engineering, Construction & Operations', 1);
insert into "PLANNING_TOOL"."ALLOCATION_OPTION"(ALLOCATION_OPTION_ID, NAME, CREATED_USER_ID) values(43, 'Enterprise Information Management', 1);
insert into "PLANNING_TOOL"."ALLOCATION_OPTION"(ALLOCATION_OPTION_ID, NAME, CREATED_USER_ID) values(44, 'Extended Supply Chain (inc IoT)', 1);
insert into "PLANNING_TOOL"."ALLOCATION_OPTION"(ALLOCATION_OPTION_ID, NAME, CREATED_USER_ID) values(45, 'Fabricated Metal Products', 1);
insert into "PLANNING_TOOL"."ALLOCATION_OPTION"(ALLOCATION_OPTION_ID, NAME, CREATED_USER_ID) values(46, 'Finance (AIP)', 1);
insert into "PLANNING_TOOL"."ALLOCATION_OPTION"(ALLOCATION_OPTION_ID, NAME, CREATED_USER_ID) values(47, 'Forest Products, Furniture & Textile', 1);
insert into "PLANNING_TOOL"."ALLOCATION_OPTION"(ALLOCATION_OPTION_ID, NAME, CREATED_USER_ID) values(48, 'General Business', 1);
insert into "PLANNING_TOOL"."ALLOCATION_OPTION"(ALLOCATION_OPTION_ID, NAME, CREATED_USER_ID) values(49, 'Global Service Products', 1);
insert into "PLANNING_TOOL"."ALLOCATION_OPTION"(ALLOCATION_OPTION_ID, NAME, CREATED_USER_ID) values(50, 'Governance, Risk and Compliance', 1);
insert into "PLANNING_TOOL"."ALLOCATION_OPTION"(ALLOCATION_OPTION_ID, NAME, CREATED_USER_ID) values(51, 'HANA Cloud Platform-HCP', 1);
insert into "PLANNING_TOOL"."ALLOCATION_OPTION"(ALLOCATION_OPTION_ID, NAME, CREATED_USER_ID) values(52, 'HANA Enterprise Cloud-HEC', 1);
insert into "PLANNING_TOOL"."ALLOCATION_OPTION"(ALLOCATION_OPTION_ID, NAME, CREATED_USER_ID) values(53, 'HCM (HR)', 1);
insert into "PLANNING_TOOL"."ALLOCATION_OPTION"(ALLOCATION_OPTION_ID, NAME, CREATED_USER_ID) values(54, 'HR (AIP)', 1);
insert into "PLANNING_TOOL"."ALLOCATION_OPTION"(ALLOCATION_OPTION_ID, NAME, CREATED_USER_ID) values(55, 'Healthcare', 1);
insert into "PLANNING_TOOL"."ALLOCATION_OPTION"(ALLOCATION_OPTION_ID, NAME, CREATED_USER_ID) values(56, 'High Tech & Electronic', 1);
insert into "PLANNING_TOOL"."ALLOCATION_OPTION"(ALLOCATION_OPTION_ID, NAME, CREATED_USER_ID) values(57, 'Higher Education and Research', 1);
insert into "PLANNING_TOOL"."ALLOCATION_OPTION"(ALLOCATION_OPTION_ID, NAME, CREATED_USER_ID) values(58, 'IT LOB (AIP)', 1);
insert into "PLANNING_TOOL"."ALLOCATION_OPTION"(ALLOCATION_OPTION_ID, NAME, CREATED_USER_ID) values(59, 'Industrial Machinery & Components', 1);
insert into "PLANNING_TOOL"."ALLOCATION_OPTION"(ALLOCATION_OPTION_ID, NAME, CREATED_USER_ID) values(60, 'Industry-Specific Applications', 1);
insert into "PLANNING_TOOL"."ALLOCATION_OPTION"(ALLOCATION_OPTION_ID, NAME, CREATED_USER_ID) values(61, 'Insurance', 1);
insert into "PLANNING_TOOL"."ALLOCATION_OPTION"(ALLOCATION_OPTION_ID, NAME, CREATED_USER_ID) values(62, 'Invest in People', 1);
insert into "PLANNING_TOOL"."ALLOCATION_OPTION"(ALLOCATION_OPTION_ID, NAME, CREATED_USER_ID) values(63, 'LE - Large Enterprise', 1);
insert into "PLANNING_TOOL"."ALLOCATION_OPTION"(ALLOCATION_OPTION_ID, NAME, CREATED_USER_ID) values(64, 'Life Sciences, including Pharmaceuticals', 1);
insert into "PLANNING_TOOL"."ALLOCATION_OPTION"(ALLOCATION_OPTION_ID, NAME, CREATED_USER_ID) values(65, 'Logistics & Postal Services', 1);
insert into "PLANNING_TOOL"."ALLOCATION_OPTION"(ALLOCATION_OPTION_ID, NAME, CREATED_USER_ID) values(66, 'ME - Medium Enterprise', 1);
insert into "PLANNING_TOOL"."ALLOCATION_OPTION"(ALLOCATION_OPTION_ID, NAME, CREATED_USER_ID) values(67, 'Manufacturing', 1);
insert into "PLANNING_TOOL"."ALLOCATION_OPTION"(ALLOCATION_OPTION_ID, NAME, CREATED_USER_ID) values(68, 'Media', 1);
insert into "PLANNING_TOOL"."ALLOCATION_OPTION"(ALLOCATION_OPTION_ID, NAME, CREATED_USER_ID) values(69, 'Mill Products, including Building Materials', 1);
insert into "PLANNING_TOOL"."ALLOCATION_OPTION"(ALLOCATION_OPTION_ID, NAME, CREATED_USER_ID) values(70, 'Mobile', 1);
insert into "PLANNING_TOOL"."ALLOCATION_OPTION"(ALLOCATION_OPTION_ID, NAME, CREATED_USER_ID) values(71, 'Monetize the Portfolio', 1);
insert into "PLANNING_TOOL"."ALLOCATION_OPTION"(ALLOCATION_OPTION_ID, NAME, CREATED_USER_ID) values(72, 'NNN (Net New Names)', 1);
insert into "PLANNING_TOOL"."ALLOCATION_OPTION"(ALLOCATION_OPTION_ID, NAME, CREATED_USER_ID) values(73, 'Net New Names', 1);
insert into "PLANNING_TOOL"."ALLOCATION_OPTION"(ALLOCATION_OPTION_ID, NAME, CREATED_USER_ID) values(74, 'No Integrated Plan', 1);
insert into "PLANNING_TOOL"."ALLOCATION_OPTION"(ALLOCATION_OPTION_ID, NAME, CREATED_USER_ID) values(75, 'No Priority Assignment', 1);
insert into "PLANNING_TOOL"."ALLOCATION_OPTION"(ALLOCATION_OPTION_ID, NAME, CREATED_USER_ID) values(76, 'NombreOption666', 1);
insert into "PLANNING_TOOL"."ALLOCATION_OPTION"(ALLOCATION_OPTION_ID, NAME, CREATED_USER_ID) values(77, 'Oil & Gas', 1);
insert into "PLANNING_TOOL"."ALLOCATION_OPTION"(ALLOCATION_OPTION_ID, NAME, CREATED_USER_ID) values(78, 'Predictive Analytics', 1);
insert into "PLANNING_TOOL"."ALLOCATION_OPTION"(ALLOCATION_OPTION_ID, NAME, CREATED_USER_ID) values(79, 'Primary Metal & Mining', 1);
insert into "PLANNING_TOOL"."ALLOCATION_OPTION"(ALLOCATION_OPTION_ID, NAME, CREATED_USER_ID) values(80, 'Procurement', 1);
insert into "PLANNING_TOOL"."ALLOCATION_OPTION"(ALLOCATION_OPTION_ID, NAME, CREATED_USER_ID) values(81, 'Procurement (AIP)', 1);
insert into "PLANNING_TOOL"."ALLOCATION_OPTION"(ALLOCATION_OPTION_ID, NAME, CREATED_USER_ID) values(82, 'Professional Services', 1);
insert into "PLANNING_TOOL"."ALLOCATION_OPTION"(ALLOCATION_OPTION_ID, NAME, CREATED_USER_ID) values(83, 'Public Sector', 1);
insert into "PLANNING_TOOL"."ALLOCATION_OPTION"(ALLOCATION_OPTION_ID, NAME, CREATED_USER_ID) values(84, 'Purchase/Renew', 1);
insert into "PLANNING_TOOL"."ALLOCATION_OPTION"(ALLOCATION_OPTION_ID, NAME, CREATED_USER_ID) values(85, 'R&D and Engineering', 1);
insert into "PLANNING_TOOL"."ALLOCATION_OPTION"(ALLOCATION_OPTION_ID, NAME, CREATED_USER_ID) values(86, 'Retail', 1);
insert into "PLANNING_TOOL"."ALLOCATION_OPTION"(ALLOCATION_OPTION_ID, NAME, CREATED_USER_ID) values(87, 'Retail (IP)', 1);
insert into "PLANNING_TOOL"."ALLOCATION_OPTION"(ALLOCATION_OPTION_ID, NAME, CREATED_USER_ID) values(88, 'Robot monkey', 1);
insert into "PLANNING_TOOL"."ALLOCATION_OPTION"(ALLOCATION_OPTION_ID, NAME, CREATED_USER_ID) values(89, 'Run', 1);
insert into "PLANNING_TOOL"."ALLOCATION_OPTION"(ALLOCATION_OPTION_ID, NAME, CREATED_USER_ID) values(90, 'Run Simple - External', 1);
insert into "PLANNING_TOOL"."ALLOCATION_OPTION"(ALLOCATION_OPTION_ID, NAME, CREATED_USER_ID) values(91, 'Run Simple - External Simplification', 1);
insert into "PLANNING_TOOL"."ALLOCATION_OPTION"(ALLOCATION_OPTION_ID, NAME, CREATED_USER_ID) values(92, 'Run Simple - Internal', 1);
insert into "PLANNING_TOOL"."ALLOCATION_OPTION"(ALLOCATION_OPTION_ID, NAME, CREATED_USER_ID) values(93, 'Run Simple - Internal Simplification', 1);
insert into "PLANNING_TOOL"."ALLOCATION_OPTION"(ALLOCATION_OPTION_ID, NAME, CREATED_USER_ID) values(94, 'S4/HANA', 1);
insert into "PLANNING_TOOL"."ALLOCATION_OPTION"(ALLOCATION_OPTION_ID, NAME, CREATED_USER_ID) values(95, 'SAP All-in-One', 1);
insert into "PLANNING_TOOL"."ALLOCATION_OPTION"(ALLOCATION_OPTION_ID, NAME, CREATED_USER_ID) values(96, 'SAP Anywhere', 1);
insert into "PLANNING_TOOL"."ALLOCATION_OPTION"(ALLOCATION_OPTION_ID, NAME, CREATED_USER_ID) values(97, 'SAP Branding', 1);
insert into "PLANNING_TOOL"."ALLOCATION_OPTION"(ALLOCATION_OPTION_ID, NAME, CREATED_USER_ID) values(98, 'SAP Business ByDesign', 1);
insert into "PLANNING_TOOL"."ALLOCATION_OPTION"(ALLOCATION_OPTION_ID, NAME, CREATED_USER_ID) values(99, 'SAP Business One', 1);
insert into "PLANNING_TOOL"."ALLOCATION_OPTION"(ALLOCATION_OPTION_ID, NAME, CREATED_USER_ID) values(100, 'SAP Business Suite', 1);
insert into "PLANNING_TOOL"."ALLOCATION_OPTION"(ALLOCATION_OPTION_ID, NAME, CREATED_USER_ID) values(101, 'SAP Cloud for Analytics', 1);
insert into "PLANNING_TOOL"."ALLOCATION_OPTION"(ALLOCATION_OPTION_ID, NAME, CREATED_USER_ID) values(102, 'SAP Cloud for Customers', 1);
insert into "PLANNING_TOOL"."ALLOCATION_OPTION"(ALLOCATION_OPTION_ID, NAME, CREATED_USER_ID) values(103, 'SAP Cloud for Financials', 1);
insert into "PLANNING_TOOL"."ALLOCATION_OPTION"(ALLOCATION_OPTION_ID, NAME, CREATED_USER_ID) values(104, 'SAP Cloud for Human Resources', 1);
insert into "PLANNING_TOOL"."ALLOCATION_OPTION"(ALLOCATION_OPTION_ID, NAME, CREATED_USER_ID) values(105, 'SAP Cloud for Procurement', 1);
insert into "PLANNING_TOOL"."ALLOCATION_OPTION"(ALLOCATION_OPTION_ID, NAME, CREATED_USER_ID) values(106, 'SAP Cloud for Travel & Expense', 1);
insert into "PLANNING_TOOL"."ALLOCATION_OPTION"(ALLOCATION_OPTION_ID, NAME, CREATED_USER_ID) values(107, 'SAP Digital Boardroom', 1);
insert into "PLANNING_TOOL"."ALLOCATION_OPTION"(ALLOCATION_OPTION_ID, NAME, CREATED_USER_ID) values(108, 'SAP HANA Cloud Integration', 1);
insert into "PLANNING_TOOL"."ALLOCATION_OPTION"(ALLOCATION_OPTION_ID, NAME, CREATED_USER_ID) values(109, 'SAP HANA Cloud Platform', 1);
insert into "PLANNING_TOOL"."ALLOCATION_OPTION"(ALLOCATION_OPTION_ID, NAME, CREATED_USER_ID) values(110, 'SAP HANA Enterprise Cloud', 1);
insert into "PLANNING_TOOL"."ALLOCATION_OPTION"(ALLOCATION_OPTION_ID, NAME, CREATED_USER_ID) values(111, 'SAP HANA Platform', 1);
insert into "PLANNING_TOOL"."ALLOCATION_OPTION"(ALLOCATION_OPTION_ID, NAME, CREATED_USER_ID) values(112, 'SAP Hybris Cloud for Customer', 1);
insert into "PLANNING_TOOL"."ALLOCATION_OPTION"(ALLOCATION_OPTION_ID, NAME, CREATED_USER_ID) values(113, 'SAP Hybris Commerce', 1);
insert into "PLANNING_TOOL"."ALLOCATION_OPTION"(ALLOCATION_OPTION_ID, NAME, CREATED_USER_ID) values(114, 'SAP Hybris Industry Solutions', 1);
insert into "PLANNING_TOOL"."ALLOCATION_OPTION"(ALLOCATION_OPTION_ID, NAME, CREATED_USER_ID) values(115, 'SAP Hybris Marketing', 1);
insert into "PLANNING_TOOL"."ALLOCATION_OPTION"(ALLOCATION_OPTION_ID, NAME, CREATED_USER_ID) values(116, 'SAP Hybris Services', 1);
insert into "PLANNING_TOOL"."ALLOCATION_OPTION"(ALLOCATION_OPTION_ID, NAME, CREATED_USER_ID) values(117, 'SAP Hybris as a Service', 1);
insert into "PLANNING_TOOL"."ALLOCATION_OPTION"(ALLOCATION_OPTION_ID, NAME, CREATED_USER_ID) values(118, 'SAP S4HANA', 1);
insert into "PLANNING_TOOL"."ALLOCATION_OPTION"(ALLOCATION_OPTION_ID, NAME, CREATED_USER_ID) values(119, 'SAP Simple Finance', 1);
insert into "PLANNING_TOOL"."ALLOCATION_OPTION"(ALLOCATION_OPTION_ID, NAME, CREATED_USER_ID) values(120, 'SAPJam', 1);
insert into "PLANNING_TOOL"."ALLOCATION_OPTION"(ALLOCATION_OPTION_ID, NAME, CREATED_USER_ID) values(121, 'SE - Small Enterprise', 1);
insert into "PLANNING_TOOL"."ALLOCATION_OPTION"(ALLOCATION_OPTION_ID, NAME, CREATED_USER_ID) values(122, 'SME (AIP)', 1);
insert into "PLANNING_TOOL"."ALLOCATION_OPTION"(ALLOCATION_OPTION_ID, NAME, CREATED_USER_ID) values(123, 'Sales, Service & Marketing (CEC)', 1);
insert into "PLANNING_TOOL"."ALLOCATION_OPTION"(ALLOCATION_OPTION_ID, NAME, CREATED_USER_ID) values(124, 'Sales, Services and Marketing (AIP)', 1);
insert into "PLANNING_TOOL"."ALLOCATION_OPTION"(ALLOCATION_OPTION_ID, NAME, CREATED_USER_ID) values(125, 'Shape the Perception', 1);
insert into "PLANNING_TOOL"."ALLOCATION_OPTION"(ALLOCATION_OPTION_ID, NAME, CREATED_USER_ID) values(126, 'Solution Extensions', 1);
insert into "PLANNING_TOOL"."ALLOCATION_OPTION"(ALLOCATION_OPTION_ID, NAME, CREATED_USER_ID) values(127, 'SuccessFactors Compensation', 1);
insert into "PLANNING_TOOL"."ALLOCATION_OPTION"(ALLOCATION_OPTION_ID, NAME, CREATED_USER_ID) values(128, 'SuccessFactors Employee Central', 1);
insert into "PLANNING_TOOL"."ALLOCATION_OPTION"(ALLOCATION_OPTION_ID, NAME, CREATED_USER_ID) values(129, 'SuccessFactors Employee Central Payroll', 1);
insert into "PLANNING_TOOL"."ALLOCATION_OPTION"(ALLOCATION_OPTION_ID, NAME, CREATED_USER_ID) values(130, 'SuccessFactors Learning', 1);
insert into "PLANNING_TOOL"."ALLOCATION_OPTION"(ALLOCATION_OPTION_ID, NAME, CREATED_USER_ID) values(131, 'SuccessFactors Onboarding', 1);
insert into "PLANNING_TOOL"."ALLOCATION_OPTION"(ALLOCATION_OPTION_ID, NAME, CREATED_USER_ID) values(132, 'SuccessFactors Performance & Goals', 1);
insert into "PLANNING_TOOL"."ALLOCATION_OPTION"(ALLOCATION_OPTION_ID, NAME, CREATED_USER_ID) values(133, 'SuccessFactors Recruiting', 1);
insert into "PLANNING_TOOL"."ALLOCATION_OPTION"(ALLOCATION_OPTION_ID, NAME, CREATED_USER_ID) values(134, 'SuccessFactors Succession & Development', 1);
insert into "PLANNING_TOOL"."ALLOCATION_OPTION"(ALLOCATION_OPTION_ID, NAME, CREATED_USER_ID) values(135, 'SuccessFactors Workforce Analytics', 1);
insert into "PLANNING_TOOL"."ALLOCATION_OPTION"(ALLOCATION_OPTION_ID, NAME, CREATED_USER_ID) values(136, 'SuccessFactors Workforce Planning', 1);
insert into "PLANNING_TOOL"."ALLOCATION_OPTION"(ALLOCATION_OPTION_ID, NAME, CREATED_USER_ID) values(137, 'Supply Chain', 1);
insert into "PLANNING_TOOL"."ALLOCATION_OPTION"(ALLOCATION_OPTION_ID, NAME, CREATED_USER_ID) values(138, 'Sustainability', 1);
insert into "PLANNING_TOOL"."ALLOCATION_OPTION"(ALLOCATION_OPTION_ID, NAME, CREATED_USER_ID) values(139, 'Telecommunications', 1);
insert into "PLANNING_TOOL"."ALLOCATION_OPTION"(ALLOCATION_OPTION_ID, NAME, CREATED_USER_ID) values(140, 'Transportation (Passenger & Cargo Services) & Logistics', 1);
insert into "PLANNING_TOOL"."ALLOCATION_OPTION"(ALLOCATION_OPTION_ID, NAME, CREATED_USER_ID) values(141, 'Usage', 1);
insert into "PLANNING_TOOL"."ALLOCATION_OPTION"(ALLOCATION_OPTION_ID, NAME, CREATED_USER_ID) values(142, 'Utilities & Waste', 1);
insert into "PLANNING_TOOL"."ALLOCATION_OPTION"(ALLOCATION_OPTION_ID, NAME, CREATED_USER_ID) values(143, 'Vendor Management System', 1);
insert into "PLANNING_TOOL"."ALLOCATION_OPTION"(ALLOCATION_OPTION_ID, NAME, CREATED_USER_ID) values(144, 'Wholesale Distribution', 1);
insert into "PLANNING_TOOL"."ALLOCATION_OPTION"(ALLOCATION_OPTION_ID, NAME, CREATED_USER_ID) values(145, 'Enterprise Performance Management', 1);

insert into "PLANNING_TOOL"."ALLOCATION_OPTION"(ALLOCATION_OPTION_ID, NAME, CREATED_USER_ID) values(146, 'Supply Chain', 1);
insert into "PLANNING_TOOL"."ALLOCATION_OPTION"(ALLOCATION_OPTION_ID, NAME, CREATED_USER_ID) values(147, 'SAP Cloud for Financals', 1);
insert into "PLANNING_TOOL"."ALLOCATION_OPTION"(ALLOCATION_OPTION_ID, NAME, CREATED_USER_ID) values(148, 'Ariba Discount Management', 1);
insert into "PLANNING_TOOL"."ALLOCATION_OPTION"(ALLOCATION_OPTION_ID, NAME, CREATED_USER_ID) values(149, 'SAP Business One Cloud', 1);

insert into "PLANNING_TOOL"."ALLOCATION_OPTION"(ALLOCATION_OPTION_ID, NAME, CREATED_USER_ID, ENABLED, DELETED) values(150, 'TBD', 1, 0, 1);
insert into "PLANNING_TOOL"."ALLOCATION_OPTION"(ALLOCATION_OPTION_ID, NAME, CREATED_USER_ID, ENABLED, DELETED) values(151, 'z_Cross Solutions', 1, 0, 1);

-- INSERTS FOR ALLOCATION_CATEGORY_OPTION_LEVEL

---INSERTS ALLOCATION_CATEGORY_OPTION_LEVEL FOR LEVEL 4 ---
insert into "PLANNING_TOOL"."ALLOCATION_CATEGORY_OPTION_LEVEL"( ALLOCATION_CATEGORY_ID, ALLOCATION_OPTION_ID, HIERARCHY_LEVEL_ID, CREATED_USER_ID) values(7,101,1,1);
insert into "PLANNING_TOOL"."ALLOCATION_CATEGORY_OPTION_LEVEL"( ALLOCATION_CATEGORY_ID, ALLOCATION_OPTION_ID, HIERARCHY_LEVEL_ID, CREATED_USER_ID) values(7,102,1,1);
insert into "PLANNING_TOOL"."ALLOCATION_CATEGORY_OPTION_LEVEL"( ALLOCATION_CATEGORY_ID, ALLOCATION_OPTION_ID, HIERARCHY_LEVEL_ID, CREATED_USER_ID) values(7,103,1,1);
insert into "PLANNING_TOOL"."ALLOCATION_CATEGORY_OPTION_LEVEL"( ALLOCATION_CATEGORY_ID, ALLOCATION_OPTION_ID, HIERARCHY_LEVEL_ID, CREATED_USER_ID) values(7,104,1,1);
insert into "PLANNING_TOOL"."ALLOCATION_CATEGORY_OPTION_LEVEL"( ALLOCATION_CATEGORY_ID, ALLOCATION_OPTION_ID, HIERARCHY_LEVEL_ID, CREATED_USER_ID) values(7,105,1,1);
insert into "PLANNING_TOOL"."ALLOCATION_CATEGORY_OPTION_LEVEL"( ALLOCATION_CATEGORY_ID, ALLOCATION_OPTION_ID, HIERARCHY_LEVEL_ID, CREATED_USER_ID) values(7,106,1,1);
insert into "PLANNING_TOOL"."ALLOCATION_CATEGORY_OPTION_LEVEL"( ALLOCATION_CATEGORY_ID, ALLOCATION_OPTION_ID, HIERARCHY_LEVEL_ID, CREATED_USER_ID) values(7,107,1,1);
insert into "PLANNING_TOOL"."ALLOCATION_CATEGORY_OPTION_LEVEL"( ALLOCATION_CATEGORY_ID, ALLOCATION_OPTION_ID, HIERARCHY_LEVEL_ID, CREATED_USER_ID) values(7,108,1,1);
insert into "PLANNING_TOOL"."ALLOCATION_CATEGORY_OPTION_LEVEL"( ALLOCATION_CATEGORY_ID, ALLOCATION_OPTION_ID, HIERARCHY_LEVEL_ID, CREATED_USER_ID) values(7,109,1,1);
insert into "PLANNING_TOOL"."ALLOCATION_CATEGORY_OPTION_LEVEL"( ALLOCATION_CATEGORY_ID, ALLOCATION_OPTION_ID, HIERARCHY_LEVEL_ID, CREATED_USER_ID) values(7,110,1,1);
insert into "PLANNING_TOOL"."ALLOCATION_CATEGORY_OPTION_LEVEL"( ALLOCATION_CATEGORY_ID, ALLOCATION_OPTION_ID, HIERARCHY_LEVEL_ID, CREATED_USER_ID) values(7,111,1,1);
insert into "PLANNING_TOOL"."ALLOCATION_CATEGORY_OPTION_LEVEL"( ALLOCATION_CATEGORY_ID, ALLOCATION_OPTION_ID, HIERARCHY_LEVEL_ID, CREATED_USER_ID) values(7,112,1,1);
insert into "PLANNING_TOOL"."ALLOCATION_CATEGORY_OPTION_LEVEL"( ALLOCATION_CATEGORY_ID, ALLOCATION_OPTION_ID, HIERARCHY_LEVEL_ID, CREATED_USER_ID) values(7,113,1,1);
insert into "PLANNING_TOOL"."ALLOCATION_CATEGORY_OPTION_LEVEL"( ALLOCATION_CATEGORY_ID, ALLOCATION_OPTION_ID, HIERARCHY_LEVEL_ID, CREATED_USER_ID) values(7,114,1,1);
insert into "PLANNING_TOOL"."ALLOCATION_CATEGORY_OPTION_LEVEL"( ALLOCATION_CATEGORY_ID, ALLOCATION_OPTION_ID, HIERARCHY_LEVEL_ID, CREATED_USER_ID) values(7,115,1,1);
insert into "PLANNING_TOOL"."ALLOCATION_CATEGORY_OPTION_LEVEL"( ALLOCATION_CATEGORY_ID, ALLOCATION_OPTION_ID, HIERARCHY_LEVEL_ID, CREATED_USER_ID) values(7,116,1,1);
insert into "PLANNING_TOOL"."ALLOCATION_CATEGORY_OPTION_LEVEL"( ALLOCATION_CATEGORY_ID, ALLOCATION_OPTION_ID, HIERARCHY_LEVEL_ID, CREATED_USER_ID) values(7,117,1,1);
insert into "PLANNING_TOOL"."ALLOCATION_CATEGORY_OPTION_LEVEL"( ALLOCATION_CATEGORY_ID, ALLOCATION_OPTION_ID, HIERARCHY_LEVEL_ID, CREATED_USER_ID) values(7,118,1,1);
insert into "PLANNING_TOOL"."ALLOCATION_CATEGORY_OPTION_LEVEL"( ALLOCATION_CATEGORY_ID, ALLOCATION_OPTION_ID, HIERARCHY_LEVEL_ID, CREATED_USER_ID) values(7,119,1,1);
insert into "PLANNING_TOOL"."ALLOCATION_CATEGORY_OPTION_LEVEL"( ALLOCATION_CATEGORY_ID, ALLOCATION_OPTION_ID, HIERARCHY_LEVEL_ID, CREATED_USER_ID) values(7,120,1,1);
insert into "PLANNING_TOOL"."ALLOCATION_CATEGORY_OPTION_LEVEL"( ALLOCATION_CATEGORY_ID, ALLOCATION_OPTION_ID, HIERARCHY_LEVEL_ID, CREATED_USER_ID) values(7,126,1,1);
insert into "PLANNING_TOOL"."ALLOCATION_CATEGORY_OPTION_LEVEL"( ALLOCATION_CATEGORY_ID, ALLOCATION_OPTION_ID, HIERARCHY_LEVEL_ID, CREATED_USER_ID) values(7,127,1,1);
insert into "PLANNING_TOOL"."ALLOCATION_CATEGORY_OPTION_LEVEL"( ALLOCATION_CATEGORY_ID, ALLOCATION_OPTION_ID, HIERARCHY_LEVEL_ID, CREATED_USER_ID) values(7,128,1,1);
insert into "PLANNING_TOOL"."ALLOCATION_CATEGORY_OPTION_LEVEL"( ALLOCATION_CATEGORY_ID, ALLOCATION_OPTION_ID, HIERARCHY_LEVEL_ID, CREATED_USER_ID) values(7,129,1,1);
insert into "PLANNING_TOOL"."ALLOCATION_CATEGORY_OPTION_LEVEL"( ALLOCATION_CATEGORY_ID, ALLOCATION_OPTION_ID, HIERARCHY_LEVEL_ID, CREATED_USER_ID) values(7,130,1,1);
insert into "PLANNING_TOOL"."ALLOCATION_CATEGORY_OPTION_LEVEL"( ALLOCATION_CATEGORY_ID, ALLOCATION_OPTION_ID, HIERARCHY_LEVEL_ID, CREATED_USER_ID) values(7,131,1,1);
insert into "PLANNING_TOOL"."ALLOCATION_CATEGORY_OPTION_LEVEL"( ALLOCATION_CATEGORY_ID, ALLOCATION_OPTION_ID, HIERARCHY_LEVEL_ID, CREATED_USER_ID) values(7,132,1,1);
insert into "PLANNING_TOOL"."ALLOCATION_CATEGORY_OPTION_LEVEL"( ALLOCATION_CATEGORY_ID, ALLOCATION_OPTION_ID, HIERARCHY_LEVEL_ID, CREATED_USER_ID) values(7,133,1,1);
insert into "PLANNING_TOOL"."ALLOCATION_CATEGORY_OPTION_LEVEL"( ALLOCATION_CATEGORY_ID, ALLOCATION_OPTION_ID, HIERARCHY_LEVEL_ID, CREATED_USER_ID) values(7,134,1,1);
insert into "PLANNING_TOOL"."ALLOCATION_CATEGORY_OPTION_LEVEL"( ALLOCATION_CATEGORY_ID, ALLOCATION_OPTION_ID, HIERARCHY_LEVEL_ID, CREATED_USER_ID) values(7,135,1,1);
insert into "PLANNING_TOOL"."ALLOCATION_CATEGORY_OPTION_LEVEL"( ALLOCATION_CATEGORY_ID, ALLOCATION_OPTION_ID, HIERARCHY_LEVEL_ID, CREATED_USER_ID) values(7,136,1,1);
insert into "PLANNING_TOOL"."ALLOCATION_CATEGORY_OPTION_LEVEL"( ALLOCATION_CATEGORY_ID, ALLOCATION_OPTION_ID, HIERARCHY_LEVEL_ID, CREATED_USER_ID) values(7,137,1,1);
insert into "PLANNING_TOOL"."ALLOCATION_CATEGORY_OPTION_LEVEL"( ALLOCATION_CATEGORY_ID, ALLOCATION_OPTION_ID, HIERARCHY_LEVEL_ID, CREATED_USER_ID) values(7,138,1,1);
insert into "PLANNING_TOOL"."ALLOCATION_CATEGORY_OPTION_LEVEL"( ALLOCATION_CATEGORY_ID, ALLOCATION_OPTION_ID, HIERARCHY_LEVEL_ID, CREATED_USER_ID) values(7,143,1,1);
insert into "PLANNING_TOOL"."ALLOCATION_CATEGORY_OPTION_LEVEL"( ALLOCATION_CATEGORY_ID, ALLOCATION_OPTION_ID, HIERARCHY_LEVEL_ID, CREATED_USER_ID) values(5,3,1,1);
insert into "PLANNING_TOOL"."ALLOCATION_CATEGORY_OPTION_LEVEL"( ALLOCATION_CATEGORY_ID, ALLOCATION_OPTION_ID, HIERARCHY_LEVEL_ID, CREATED_USER_ID) values(5,38,1,1);
insert into "PLANNING_TOOL"."ALLOCATION_CATEGORY_OPTION_LEVEL"( ALLOCATION_CATEGORY_ID, ALLOCATION_OPTION_ID, HIERARCHY_LEVEL_ID, CREATED_USER_ID) values(5,44,1,1);
insert into "PLANNING_TOOL"."ALLOCATION_CATEGORY_OPTION_LEVEL"( ALLOCATION_CATEGORY_ID, ALLOCATION_OPTION_ID, HIERARCHY_LEVEL_ID, CREATED_USER_ID) values(5,48,1,1);
insert into "PLANNING_TOOL"."ALLOCATION_CATEGORY_OPTION_LEVEL"( ALLOCATION_CATEGORY_ID, ALLOCATION_OPTION_ID, HIERARCHY_LEVEL_ID, CREATED_USER_ID) values(5,51,1,1);
insert into "PLANNING_TOOL"."ALLOCATION_CATEGORY_OPTION_LEVEL"( ALLOCATION_CATEGORY_ID, ALLOCATION_OPTION_ID, HIERARCHY_LEVEL_ID, CREATED_USER_ID) values(5,52,1,1);
insert into "PLANNING_TOOL"."ALLOCATION_CATEGORY_OPTION_LEVEL"( ALLOCATION_CATEGORY_ID, ALLOCATION_OPTION_ID, HIERARCHY_LEVEL_ID, CREATED_USER_ID) values(5,53,1,1);
insert into "PLANNING_TOOL"."ALLOCATION_CATEGORY_OPTION_LEVEL"( ALLOCATION_CATEGORY_ID, ALLOCATION_OPTION_ID, HIERARCHY_LEVEL_ID, CREATED_USER_ID) values(5,75,1,1);
insert into "PLANNING_TOOL"."ALLOCATION_CATEGORY_OPTION_LEVEL"( ALLOCATION_CATEGORY_ID, ALLOCATION_OPTION_ID, HIERARCHY_LEVEL_ID, CREATED_USER_ID) values(5,94,1,1);
insert into "PLANNING_TOOL"."ALLOCATION_CATEGORY_OPTION_LEVEL"( ALLOCATION_CATEGORY_ID, ALLOCATION_OPTION_ID, HIERARCHY_LEVEL_ID, CREATED_USER_ID) values(5,123,1,1);

insert into "PLANNING_TOOL"."ALLOCATION_CATEGORY_OPTION_LEVEL"( ALLOCATION_CATEGORY_ID, ALLOCATION_OPTION_ID, HIERARCHY_LEVEL_ID, CREATED_USER_ID) values(6,125,1,1);
insert into "PLANNING_TOOL"."ALLOCATION_CATEGORY_OPTION_LEVEL"( ALLOCATION_CATEGORY_ID, ALLOCATION_OPTION_ID, HIERARCHY_LEVEL_ID, CREATED_USER_ID) values(4,139,1,1);
insert into "PLANNING_TOOL"."ALLOCATION_CATEGORY_OPTION_LEVEL"( ALLOCATION_CATEGORY_ID, ALLOCATION_OPTION_ID, HIERARCHY_LEVEL_ID, CREATED_USER_ID) values(4,140,1,1);
insert into "PLANNING_TOOL"."ALLOCATION_CATEGORY_OPTION_LEVEL"( ALLOCATION_CATEGORY_ID, ALLOCATION_OPTION_ID, HIERARCHY_LEVEL_ID, CREATED_USER_ID) values(3,141,1,1);
insert into "PLANNING_TOOL"."ALLOCATION_CATEGORY_OPTION_LEVEL"( ALLOCATION_CATEGORY_ID, ALLOCATION_OPTION_ID, HIERARCHY_LEVEL_ID, CREATED_USER_ID) values(4,142,1,1);
insert into "PLANNING_TOOL"."ALLOCATION_CATEGORY_OPTION_LEVEL"( ALLOCATION_CATEGORY_ID, ALLOCATION_OPTION_ID, HIERARCHY_LEVEL_ID, CREATED_USER_ID) values(4,144,1,1);
insert into "PLANNING_TOOL"."ALLOCATION_CATEGORY_OPTION_LEVEL"( ALLOCATION_CATEGORY_ID, ALLOCATION_OPTION_ID, HIERARCHY_LEVEL_ID, CREATED_USER_ID) values(7,145,1,1);
insert into "PLANNING_TOOL"."ALLOCATION_CATEGORY_OPTION_LEVEL"( ALLOCATION_CATEGORY_ID, ALLOCATION_OPTION_ID, HIERARCHY_LEVEL_ID, CREATED_USER_ID) values(5,146,1,1);
insert into "PLANNING_TOOL"."ALLOCATION_CATEGORY_OPTION_LEVEL"( ALLOCATION_CATEGORY_ID, ALLOCATION_OPTION_ID, HIERARCHY_LEVEL_ID, CREATED_USER_ID) values(7,146,1,1);
insert into "PLANNING_TOOL"."ALLOCATION_CATEGORY_OPTION_LEVEL"( ALLOCATION_CATEGORY_ID, ALLOCATION_OPTION_ID, HIERARCHY_LEVEL_ID, CREATED_USER_ID) values(7,147,1,1);
insert into "PLANNING_TOOL"."ALLOCATION_CATEGORY_OPTION_LEVEL"( ALLOCATION_CATEGORY_ID, ALLOCATION_OPTION_ID, HIERARCHY_LEVEL_ID, CREATED_USER_ID) values(7,148,1,1);
insert into "PLANNING_TOOL"."ALLOCATION_CATEGORY_OPTION_LEVEL"( ALLOCATION_CATEGORY_ID, ALLOCATION_OPTION_ID, HIERARCHY_LEVEL_ID, CREATED_USER_ID) values(3,1,1,1);
insert into "PLANNING_TOOL"."ALLOCATION_CATEGORY_OPTION_LEVEL"( ALLOCATION_CATEGORY_ID, ALLOCATION_OPTION_ID, HIERARCHY_LEVEL_ID, CREATED_USER_ID) values(4,2,1,1);
insert into "PLANNING_TOOL"."ALLOCATION_CATEGORY_OPTION_LEVEL"( ALLOCATION_CATEGORY_ID, ALLOCATION_OPTION_ID, HIERARCHY_LEVEL_ID, CREATED_USER_ID) values(7,4,1,1);
insert into "PLANNING_TOOL"."ALLOCATION_CATEGORY_OPTION_LEVEL"( ALLOCATION_CATEGORY_ID, ALLOCATION_OPTION_ID, HIERARCHY_LEVEL_ID, CREATED_USER_ID) values(7,5,1,1);
insert into "PLANNING_TOOL"."ALLOCATION_CATEGORY_OPTION_LEVEL"( ALLOCATION_CATEGORY_ID, ALLOCATION_OPTION_ID, HIERARCHY_LEVEL_ID, CREATED_USER_ID) values(7,6,1,1);
insert into "PLANNING_TOOL"."ALLOCATION_CATEGORY_OPTION_LEVEL"( ALLOCATION_CATEGORY_ID, ALLOCATION_OPTION_ID, HIERARCHY_LEVEL_ID, CREATED_USER_ID) values(7,7,1,1);
insert into "PLANNING_TOOL"."ALLOCATION_CATEGORY_OPTION_LEVEL"( ALLOCATION_CATEGORY_ID, ALLOCATION_OPTION_ID, HIERARCHY_LEVEL_ID, CREATED_USER_ID) values(7,8,1,1);
insert into "PLANNING_TOOL"."ALLOCATION_CATEGORY_OPTION_LEVEL"( ALLOCATION_CATEGORY_ID, ALLOCATION_OPTION_ID, HIERARCHY_LEVEL_ID, CREATED_USER_ID) values(7,9,1,1);
insert into "PLANNING_TOOL"."ALLOCATION_CATEGORY_OPTION_LEVEL"( ALLOCATION_CATEGORY_ID, ALLOCATION_OPTION_ID, HIERARCHY_LEVEL_ID, CREATED_USER_ID) values(7,10,1,1);
insert into "PLANNING_TOOL"."ALLOCATION_CATEGORY_OPTION_LEVEL"( ALLOCATION_CATEGORY_ID, ALLOCATION_OPTION_ID, HIERARCHY_LEVEL_ID, CREATED_USER_ID) values(7,11,1,1);
insert into "PLANNING_TOOL"."ALLOCATION_CATEGORY_OPTION_LEVEL"( ALLOCATION_CATEGORY_ID, ALLOCATION_OPTION_ID, HIERARCHY_LEVEL_ID, CREATED_USER_ID) values(7,12,1,1);
insert into "PLANNING_TOOL"."ALLOCATION_CATEGORY_OPTION_LEVEL"( ALLOCATION_CATEGORY_ID, ALLOCATION_OPTION_ID, HIERARCHY_LEVEL_ID, CREATED_USER_ID) values(7,13,1,1);
insert into "PLANNING_TOOL"."ALLOCATION_CATEGORY_OPTION_LEVEL"( ALLOCATION_CATEGORY_ID, ALLOCATION_OPTION_ID, HIERARCHY_LEVEL_ID, CREATED_USER_ID) values(7,14,1,1);
insert into "PLANNING_TOOL"."ALLOCATION_CATEGORY_OPTION_LEVEL"( ALLOCATION_CATEGORY_ID, ALLOCATION_OPTION_ID, HIERARCHY_LEVEL_ID, CREATED_USER_ID) values(7,15,1,1);
insert into "PLANNING_TOOL"."ALLOCATION_CATEGORY_OPTION_LEVEL"( ALLOCATION_CATEGORY_ID, ALLOCATION_OPTION_ID, HIERARCHY_LEVEL_ID, CREATED_USER_ID) values(7,16,1,1);
insert into "PLANNING_TOOL"."ALLOCATION_CATEGORY_OPTION_LEVEL"( ALLOCATION_CATEGORY_ID, ALLOCATION_OPTION_ID, HIERARCHY_LEVEL_ID, CREATED_USER_ID) values(7,17,1,1);
insert into "PLANNING_TOOL"."ALLOCATION_CATEGORY_OPTION_LEVEL"( ALLOCATION_CATEGORY_ID, ALLOCATION_OPTION_ID, HIERARCHY_LEVEL_ID, CREATED_USER_ID) values(7,18,1,1);
insert into "PLANNING_TOOL"."ALLOCATION_CATEGORY_OPTION_LEVEL"( ALLOCATION_CATEGORY_ID, ALLOCATION_OPTION_ID, HIERARCHY_LEVEL_ID, CREATED_USER_ID) values(7,19,1,1);
insert into "PLANNING_TOOL"."ALLOCATION_CATEGORY_OPTION_LEVEL"( ALLOCATION_CATEGORY_ID, ALLOCATION_OPTION_ID, HIERARCHY_LEVEL_ID, CREATED_USER_ID) values(7,20,1,1);
insert into "PLANNING_TOOL"."ALLOCATION_CATEGORY_OPTION_LEVEL"( ALLOCATION_CATEGORY_ID, ALLOCATION_OPTION_ID, HIERARCHY_LEVEL_ID, CREATED_USER_ID) values(7,21,1,1);
insert into "PLANNING_TOOL"."ALLOCATION_CATEGORY_OPTION_LEVEL"( ALLOCATION_CATEGORY_ID, ALLOCATION_OPTION_ID, HIERARCHY_LEVEL_ID, CREATED_USER_ID) values(7,22,1,1);
insert into "PLANNING_TOOL"."ALLOCATION_CATEGORY_OPTION_LEVEL"( ALLOCATION_CATEGORY_ID, ALLOCATION_OPTION_ID, HIERARCHY_LEVEL_ID, CREATED_USER_ID) values(7,23,1,1);
insert into "PLANNING_TOOL"."ALLOCATION_CATEGORY_OPTION_LEVEL"( ALLOCATION_CATEGORY_ID, ALLOCATION_OPTION_ID, HIERARCHY_LEVEL_ID, CREATED_USER_ID) values(4,24,1,1);
insert into "PLANNING_TOOL"."ALLOCATION_CATEGORY_OPTION_LEVEL"( ALLOCATION_CATEGORY_ID, ALLOCATION_OPTION_ID, HIERARCHY_LEVEL_ID, CREATED_USER_ID) values(3,25,1,1);
insert into "PLANNING_TOOL"."ALLOCATION_CATEGORY_OPTION_LEVEL"( ALLOCATION_CATEGORY_ID, ALLOCATION_OPTION_ID, HIERARCHY_LEVEL_ID, CREATED_USER_ID) values(4,26,1,1);
insert into "PLANNING_TOOL"."ALLOCATION_CATEGORY_OPTION_LEVEL"( ALLOCATION_CATEGORY_ID, ALLOCATION_OPTION_ID, HIERARCHY_LEVEL_ID, CREATED_USER_ID) values(1,27,1,1);
insert into "PLANNING_TOOL"."ALLOCATION_CATEGORY_OPTION_LEVEL"( ALLOCATION_CATEGORY_ID, ALLOCATION_OPTION_ID, HIERARCHY_LEVEL_ID, CREATED_USER_ID) values(7,29,1,1);
insert into "PLANNING_TOOL"."ALLOCATION_CATEGORY_OPTION_LEVEL"( ALLOCATION_CATEGORY_ID, ALLOCATION_OPTION_ID, HIERARCHY_LEVEL_ID, CREATED_USER_ID) values(4,30,1,1);
insert into "PLANNING_TOOL"."ALLOCATION_CATEGORY_OPTION_LEVEL"( ALLOCATION_CATEGORY_ID, ALLOCATION_OPTION_ID, HIERARCHY_LEVEL_ID, CREATED_USER_ID) values(3,31,1,1);
insert into "PLANNING_TOOL"."ALLOCATION_CATEGORY_OPTION_LEVEL"( ALLOCATION_CATEGORY_ID, ALLOCATION_OPTION_ID, HIERARCHY_LEVEL_ID, CREATED_USER_ID) values(4,32,1,1);
insert into "PLANNING_TOOL"."ALLOCATION_CATEGORY_OPTION_LEVEL"( ALLOCATION_CATEGORY_ID, ALLOCATION_OPTION_ID, HIERARCHY_LEVEL_ID, CREATED_USER_ID) values(1,33,1,1);
insert into "PLANNING_TOOL"."ALLOCATION_CATEGORY_OPTION_LEVEL"( ALLOCATION_CATEGORY_ID, ALLOCATION_OPTION_ID, HIERARCHY_LEVEL_ID, CREATED_USER_ID) values(4,34,1,1);
insert into "PLANNING_TOOL"."ALLOCATION_CATEGORY_OPTION_LEVEL"( ALLOCATION_CATEGORY_ID, ALLOCATION_OPTION_ID, HIERARCHY_LEVEL_ID, CREATED_USER_ID) values(2,37,1,1);
insert into "PLANNING_TOOL"."ALLOCATION_CATEGORY_OPTION_LEVEL"( ALLOCATION_CATEGORY_ID, ALLOCATION_OPTION_ID, HIERARCHY_LEVEL_ID, CREATED_USER_ID) values(7,39,1,1);
insert into "PLANNING_TOOL"."ALLOCATION_CATEGORY_OPTION_LEVEL"( ALLOCATION_CATEGORY_ID, ALLOCATION_OPTION_ID, HIERARCHY_LEVEL_ID, CREATED_USER_ID) values(4,40,1,1);
insert into "PLANNING_TOOL"."ALLOCATION_CATEGORY_OPTION_LEVEL"( ALLOCATION_CATEGORY_ID, ALLOCATION_OPTION_ID, HIERARCHY_LEVEL_ID, CREATED_USER_ID) values(7,41,1,1);
insert into "PLANNING_TOOL"."ALLOCATION_CATEGORY_OPTION_LEVEL"( ALLOCATION_CATEGORY_ID, ALLOCATION_OPTION_ID, HIERARCHY_LEVEL_ID, CREATED_USER_ID) values(4,42,1,1);
insert into "PLANNING_TOOL"."ALLOCATION_CATEGORY_OPTION_LEVEL"( ALLOCATION_CATEGORY_ID, ALLOCATION_OPTION_ID, HIERARCHY_LEVEL_ID, CREATED_USER_ID) values(7,43,1,1);
insert into "PLANNING_TOOL"."ALLOCATION_CATEGORY_OPTION_LEVEL"( ALLOCATION_CATEGORY_ID, ALLOCATION_OPTION_ID, HIERARCHY_LEVEL_ID, CREATED_USER_ID) values(4,45,1,1);
insert into "PLANNING_TOOL"."ALLOCATION_CATEGORY_OPTION_LEVEL"( ALLOCATION_CATEGORY_ID, ALLOCATION_OPTION_ID, HIERARCHY_LEVEL_ID, CREATED_USER_ID) values(1,46,1,1);
insert into "PLANNING_TOOL"."ALLOCATION_CATEGORY_OPTION_LEVEL"( ALLOCATION_CATEGORY_ID, ALLOCATION_OPTION_ID, HIERARCHY_LEVEL_ID, CREATED_USER_ID) values(4,47,1,1);

insert into "PLANNING_TOOL"."ALLOCATION_CATEGORY_OPTION_LEVEL"( ALLOCATION_CATEGORY_ID, ALLOCATION_OPTION_ID, HIERARCHY_LEVEL_ID, CREATED_USER_ID) values(7,49,1,1);
insert into "PLANNING_TOOL"."ALLOCATION_CATEGORY_OPTION_LEVEL"( ALLOCATION_CATEGORY_ID, ALLOCATION_OPTION_ID, HIERARCHY_LEVEL_ID, CREATED_USER_ID) values(7,50,1,1);
insert into "PLANNING_TOOL"."ALLOCATION_CATEGORY_OPTION_LEVEL"( ALLOCATION_CATEGORY_ID, ALLOCATION_OPTION_ID, HIERARCHY_LEVEL_ID, CREATED_USER_ID) values(4,55,1,1);
insert into "PLANNING_TOOL"."ALLOCATION_CATEGORY_OPTION_LEVEL"( ALLOCATION_CATEGORY_ID, ALLOCATION_OPTION_ID, HIERARCHY_LEVEL_ID, CREATED_USER_ID) values(4,56,1,1);
insert into "PLANNING_TOOL"."ALLOCATION_CATEGORY_OPTION_LEVEL"( ALLOCATION_CATEGORY_ID, ALLOCATION_OPTION_ID, HIERARCHY_LEVEL_ID, CREATED_USER_ID) values(4,57,1,1);
insert into "PLANNING_TOOL"."ALLOCATION_CATEGORY_OPTION_LEVEL"( ALLOCATION_CATEGORY_ID, ALLOCATION_OPTION_ID, HIERARCHY_LEVEL_ID, CREATED_USER_ID) values(4,59,1,1);
insert into "PLANNING_TOOL"."ALLOCATION_CATEGORY_OPTION_LEVEL"( ALLOCATION_CATEGORY_ID, ALLOCATION_OPTION_ID, HIERARCHY_LEVEL_ID, CREATED_USER_ID) values(7,60,1,1);
insert into "PLANNING_TOOL"."ALLOCATION_CATEGORY_OPTION_LEVEL"( ALLOCATION_CATEGORY_ID, ALLOCATION_OPTION_ID, HIERARCHY_LEVEL_ID, CREATED_USER_ID) values(4,61,1,1);
insert into "PLANNING_TOOL"."ALLOCATION_CATEGORY_OPTION_LEVEL"( ALLOCATION_CATEGORY_ID, ALLOCATION_OPTION_ID, HIERARCHY_LEVEL_ID, CREATED_USER_ID) values(6,62,1,1);
insert into "PLANNING_TOOL"."ALLOCATION_CATEGORY_OPTION_LEVEL"( ALLOCATION_CATEGORY_ID, ALLOCATION_OPTION_ID, HIERARCHY_LEVEL_ID, CREATED_USER_ID) values(4,64,1,1);
insert into "PLANNING_TOOL"."ALLOCATION_CATEGORY_OPTION_LEVEL"( ALLOCATION_CATEGORY_ID, ALLOCATION_OPTION_ID, HIERARCHY_LEVEL_ID, CREATED_USER_ID) values(4,65,1,1);
insert into "PLANNING_TOOL"."ALLOCATION_CATEGORY_OPTION_LEVEL"( ALLOCATION_CATEGORY_ID, ALLOCATION_OPTION_ID, HIERARCHY_LEVEL_ID, CREATED_USER_ID) values(7,67,1,1);
insert into "PLANNING_TOOL"."ALLOCATION_CATEGORY_OPTION_LEVEL"( ALLOCATION_CATEGORY_ID, ALLOCATION_OPTION_ID, HIERARCHY_LEVEL_ID, CREATED_USER_ID) values(4,68,1,1);
insert into "PLANNING_TOOL"."ALLOCATION_CATEGORY_OPTION_LEVEL"( ALLOCATION_CATEGORY_ID, ALLOCATION_OPTION_ID, HIERARCHY_LEVEL_ID, CREATED_USER_ID) values(4,69,1,1);
insert into "PLANNING_TOOL"."ALLOCATION_CATEGORY_OPTION_LEVEL"( ALLOCATION_CATEGORY_ID, ALLOCATION_OPTION_ID, HIERARCHY_LEVEL_ID, CREATED_USER_ID) values(7,70,1,1);
insert into "PLANNING_TOOL"."ALLOCATION_CATEGORY_OPTION_LEVEL"( ALLOCATION_CATEGORY_ID, ALLOCATION_OPTION_ID, HIERARCHY_LEVEL_ID, CREATED_USER_ID) values(6,71,1,1);
insert into "PLANNING_TOOL"."ALLOCATION_CATEGORY_OPTION_LEVEL"( ALLOCATION_CATEGORY_ID, ALLOCATION_OPTION_ID, HIERARCHY_LEVEL_ID, CREATED_USER_ID) values(4,77,1,1);
insert into "PLANNING_TOOL"."ALLOCATION_CATEGORY_OPTION_LEVEL"( ALLOCATION_CATEGORY_ID, ALLOCATION_OPTION_ID, HIERARCHY_LEVEL_ID, CREATED_USER_ID) values(7,78,1,1);
insert into "PLANNING_TOOL"."ALLOCATION_CATEGORY_OPTION_LEVEL"( ALLOCATION_CATEGORY_ID, ALLOCATION_OPTION_ID, HIERARCHY_LEVEL_ID, CREATED_USER_ID) values(4,79,1,1);
insert into "PLANNING_TOOL"."ALLOCATION_CATEGORY_OPTION_LEVEL"( ALLOCATION_CATEGORY_ID, ALLOCATION_OPTION_ID, HIERARCHY_LEVEL_ID, CREATED_USER_ID) values(7,80,1,1);
insert into "PLANNING_TOOL"."ALLOCATION_CATEGORY_OPTION_LEVEL"( ALLOCATION_CATEGORY_ID, ALLOCATION_OPTION_ID, HIERARCHY_LEVEL_ID, CREATED_USER_ID) values(4,82,1,1);
insert into "PLANNING_TOOL"."ALLOCATION_CATEGORY_OPTION_LEVEL"( ALLOCATION_CATEGORY_ID, ALLOCATION_OPTION_ID, HIERARCHY_LEVEL_ID, CREATED_USER_ID) values(4,83,1,1);
insert into "PLANNING_TOOL"."ALLOCATION_CATEGORY_OPTION_LEVEL"( ALLOCATION_CATEGORY_ID, ALLOCATION_OPTION_ID, HIERARCHY_LEVEL_ID, CREATED_USER_ID) values(3,84,1,1);
insert into "PLANNING_TOOL"."ALLOCATION_CATEGORY_OPTION_LEVEL"( ALLOCATION_CATEGORY_ID, ALLOCATION_OPTION_ID, HIERARCHY_LEVEL_ID, CREATED_USER_ID) values(7,85,1,1);
insert into "PLANNING_TOOL"."ALLOCATION_CATEGORY_OPTION_LEVEL"( ALLOCATION_CATEGORY_ID, ALLOCATION_OPTION_ID, HIERARCHY_LEVEL_ID, CREATED_USER_ID) values(4,86,1,1);
insert into "PLANNING_TOOL"."ALLOCATION_CATEGORY_OPTION_LEVEL"( ALLOCATION_CATEGORY_ID, ALLOCATION_OPTION_ID, HIERARCHY_LEVEL_ID, CREATED_USER_ID) values(6,90,1,1);
insert into "PLANNING_TOOL"."ALLOCATION_CATEGORY_OPTION_LEVEL"( ALLOCATION_CATEGORY_ID, ALLOCATION_OPTION_ID, HIERARCHY_LEVEL_ID, CREATED_USER_ID) values(6,92,1,1);
insert into "PLANNING_TOOL"."ALLOCATION_CATEGORY_OPTION_LEVEL"( ALLOCATION_CATEGORY_ID, ALLOCATION_OPTION_ID, HIERARCHY_LEVEL_ID, CREATED_USER_ID) values(7,95,1,1);
insert into "PLANNING_TOOL"."ALLOCATION_CATEGORY_OPTION_LEVEL"( ALLOCATION_CATEGORY_ID, ALLOCATION_OPTION_ID, HIERARCHY_LEVEL_ID, CREATED_USER_ID) values(7,96,1,1);
insert into "PLANNING_TOOL"."ALLOCATION_CATEGORY_OPTION_LEVEL"( ALLOCATION_CATEGORY_ID, ALLOCATION_OPTION_ID, HIERARCHY_LEVEL_ID, CREATED_USER_ID) values(7,97,1,1);
insert into "PLANNING_TOOL"."ALLOCATION_CATEGORY_OPTION_LEVEL"( ALLOCATION_CATEGORY_ID, ALLOCATION_OPTION_ID, HIERARCHY_LEVEL_ID, CREATED_USER_ID) values(7,98,1,1);
insert into "PLANNING_TOOL"."ALLOCATION_CATEGORY_OPTION_LEVEL"( ALLOCATION_CATEGORY_ID, ALLOCATION_OPTION_ID, HIERARCHY_LEVEL_ID, CREATED_USER_ID) values(7,99,1,1);
insert into "PLANNING_TOOL"."ALLOCATION_CATEGORY_OPTION_LEVEL"( ALLOCATION_CATEGORY_ID, ALLOCATION_OPTION_ID, HIERARCHY_LEVEL_ID, CREATED_USER_ID) values(7,100,1,1);
insert into "PLANNING_TOOL"."ALLOCATION_CATEGORY_OPTION_LEVEL"( ALLOCATION_CATEGORY_ID, ALLOCATION_OPTION_ID, HIERARCHY_LEVEL_ID, CREATED_USER_ID) values(1,54,1,1);
insert into "PLANNING_TOOL"."ALLOCATION_CATEGORY_OPTION_LEVEL"( ALLOCATION_CATEGORY_ID, ALLOCATION_OPTION_ID, HIERARCHY_LEVEL_ID, CREATED_USER_ID) values(5,58,1,1);
insert into "PLANNING_TOOL"."ALLOCATION_CATEGORY_OPTION_LEVEL"( ALLOCATION_CATEGORY_ID, ALLOCATION_OPTION_ID, HIERARCHY_LEVEL_ID, CREATED_USER_ID) values(2,73,1,1);
insert into "PLANNING_TOOL"."ALLOCATION_CATEGORY_OPTION_LEVEL"( ALLOCATION_CATEGORY_ID, ALLOCATION_OPTION_ID, HIERARCHY_LEVEL_ID, CREATED_USER_ID) values(8,89,1,1);
--
insert into "PLANNING_TOOL"."ALLOCATION_CATEGORY_OPTION_LEVEL"( ALLOCATION_CATEGORY_ID, ALLOCATION_OPTION_ID, HIERARCHY_LEVEL_ID, CREATED_USER_ID) values(1,54,2,1);
insert into "PLANNING_TOOL"."ALLOCATION_CATEGORY_OPTION_LEVEL"( ALLOCATION_CATEGORY_ID, ALLOCATION_OPTION_ID, HIERARCHY_LEVEL_ID, CREATED_USER_ID) values(1,54,3,1);
insert into "PLANNING_TOOL"."ALLOCATION_CATEGORY_OPTION_LEVEL"( ALLOCATION_CATEGORY_ID, ALLOCATION_OPTION_ID, HIERARCHY_LEVEL_ID, CREATED_USER_ID) values(8,89,2,1);
insert into "PLANNING_TOOL"."ALLOCATION_CATEGORY_OPTION_LEVEL"( ALLOCATION_CATEGORY_ID, ALLOCATION_OPTION_ID, HIERARCHY_LEVEL_ID, CREATED_USER_ID) values(8,89,3,1);
insert into "PLANNING_TOOL"."ALLOCATION_CATEGORY_OPTION_LEVEL"( ALLOCATION_CATEGORY_ID, ALLOCATION_OPTION_ID, HIERARCHY_LEVEL_ID, CREATED_USER_ID) values(2,73,3,1);
insert into "PLANNING_TOOL"."ALLOCATION_CATEGORY_OPTION_LEVEL"( ALLOCATION_CATEGORY_ID, ALLOCATION_OPTION_ID, HIERARCHY_LEVEL_ID, CREATED_USER_ID) values(5,58,2,1);
insert into "PLANNING_TOOL"."ALLOCATION_CATEGORY_OPTION_LEVEL"( ALLOCATION_CATEGORY_ID, ALLOCATION_OPTION_ID, HIERARCHY_LEVEL_ID, CREATED_USER_ID) values(5,58,3,1);
insert into "PLANNING_TOOL"."ALLOCATION_CATEGORY_OPTION_LEVEL"( ALLOCATION_CATEGORY_ID, ALLOCATION_OPTION_ID, HIERARCHY_LEVEL_ID, CREATED_USER_ID) values(2,73,2,1);
insert into "PLANNING_TOOL"."ALLOCATION_CATEGORY_OPTION_LEVEL"( ALLOCATION_CATEGORY_ID, ALLOCATION_OPTION_ID, HIERARCHY_LEVEL_ID, CREATED_USER_ID, ENABLED, DELETED) values(4,150,1,10,0,1);
insert into "PLANNING_TOOL"."ALLOCATION_CATEGORY_OPTION_LEVEL"( ALLOCATION_CATEGORY_ID, ALLOCATION_OPTION_ID, HIERARCHY_LEVEL_ID, CREATED_USER_ID, ENABLED, DELETED) values(4,150,2,1,0,1);
insert into "PLANNING_TOOL"."ALLOCATION_CATEGORY_OPTION_LEVEL"( ALLOCATION_CATEGORY_ID, ALLOCATION_OPTION_ID, HIERARCHY_LEVEL_ID, CREATED_USER_ID, ENABLED, DELETED) values(4,150,3,1,0,1);
insert into "PLANNING_TOOL"."ALLOCATION_CATEGORY_OPTION_LEVEL"( ALLOCATION_CATEGORY_ID, ALLOCATION_OPTION_ID, HIERARCHY_LEVEL_ID, CREATED_USER_ID, ENABLED, DELETED) values(4,151,1,1,0,1);
insert into "PLANNING_TOOL"."ALLOCATION_CATEGORY_OPTION_LEVEL"( ALLOCATION_CATEGORY_ID, ALLOCATION_OPTION_ID, HIERARCHY_LEVEL_ID, CREATED_USER_ID, ENABLED, DELETED) values(4,151,2,1,0,1);
insert into "PLANNING_TOOL"."ALLOCATION_CATEGORY_OPTION_LEVEL"( ALLOCATION_CATEGORY_ID, ALLOCATION_OPTION_ID, HIERARCHY_LEVEL_ID, CREATED_USER_ID, ENABLED, DELETED) values(4,151,3,1,0,1);
insert into "PLANNING_TOOL"."ALLOCATION_CATEGORY_OPTION_LEVEL"( ALLOCATION_CATEGORY_ID, ALLOCATION_OPTION_ID, HIERARCHY_LEVEL_ID, CREATED_USER_ID, ENABLED, DELETED) values(7,150,1,1,0,1);
insert into "PLANNING_TOOL"."ALLOCATION_CATEGORY_OPTION_LEVEL"( ALLOCATION_CATEGORY_ID, ALLOCATION_OPTION_ID, HIERARCHY_LEVEL_ID, CREATED_USER_ID, ENABLED, DELETED) values(7,150,2,1,0,1);
insert into "PLANNING_TOOL"."ALLOCATION_CATEGORY_OPTION_LEVEL"( ALLOCATION_CATEGORY_ID, ALLOCATION_OPTION_ID, HIERARCHY_LEVEL_ID, CREATED_USER_ID, ENABLED, DELETED) values(7,150,3,1,0,1);
insert into "PLANNING_TOOL"."ALLOCATION_CATEGORY_OPTION_LEVEL"( ALLOCATION_CATEGORY_ID, ALLOCATION_OPTION_ID, HIERARCHY_LEVEL_ID, CREATED_USER_ID, ENABLED, DELETED) values(7,151,1,1,0,1);
insert into "PLANNING_TOOL"."ALLOCATION_CATEGORY_OPTION_LEVEL"( ALLOCATION_CATEGORY_ID, ALLOCATION_OPTION_ID, HIERARCHY_LEVEL_ID, CREATED_USER_ID, ENABLED, DELETED) values(7,151,2,1,0,1);
insert into "PLANNING_TOOL"."ALLOCATION_CATEGORY_OPTION_LEVEL"( ALLOCATION_CATEGORY_ID, ALLOCATION_OPTION_ID, HIERARCHY_LEVEL_ID, CREATED_USER_ID, ENABLED, DELETED) values(7,151,3,1,0,1);

insert into "PLANNING_TOOL"."ALLOCATION_CATEGORY_OPTION_LEVEL"( ALLOCATION_CATEGORY_ID, ALLOCATION_OPTION_ID, HIERARCHY_LEVEL_ID, CREATED_USER_ID) values(1,27,2,1);
insert into "PLANNING_TOOL"."ALLOCATION_CATEGORY_OPTION_LEVEL"( ALLOCATION_CATEGORY_ID, ALLOCATION_OPTION_ID, HIERARCHY_LEVEL_ID, CREATED_USER_ID) values(1,27,3,1);
insert into "PLANNING_TOOL"."ALLOCATION_CATEGORY_OPTION_LEVEL"( ALLOCATION_CATEGORY_ID, ALLOCATION_OPTION_ID, HIERARCHY_LEVEL_ID, CREATED_USER_ID) values(1,33,2,1);
insert into "PLANNING_TOOL"."ALLOCATION_CATEGORY_OPTION_LEVEL"( ALLOCATION_CATEGORY_ID, ALLOCATION_OPTION_ID, HIERARCHY_LEVEL_ID, CREATED_USER_ID) values(1,33,3,1);
insert into "PLANNING_TOOL"."ALLOCATION_CATEGORY_OPTION_LEVEL"( ALLOCATION_CATEGORY_ID, ALLOCATION_OPTION_ID, HIERARCHY_LEVEL_ID, CREATED_USER_ID) values(1,46,2,1);
insert into "PLANNING_TOOL"."ALLOCATION_CATEGORY_OPTION_LEVEL"( ALLOCATION_CATEGORY_ID, ALLOCATION_OPTION_ID, HIERARCHY_LEVEL_ID, CREATED_USER_ID) values(1,46,3,1);
insert into "PLANNING_TOOL"."ALLOCATION_CATEGORY_OPTION_LEVEL"( ALLOCATION_CATEGORY_ID, ALLOCATION_OPTION_ID, HIERARCHY_LEVEL_ID, CREATED_USER_ID) values(8,28,2,1);
insert into "PLANNING_TOOL"."ALLOCATION_CATEGORY_OPTION_LEVEL"( ALLOCATION_CATEGORY_ID, ALLOCATION_OPTION_ID, HIERARCHY_LEVEL_ID, CREATED_USER_ID) values(8,28,3,1);
insert into "PLANNING_TOOL"."ALLOCATION_CATEGORY_OPTION_LEVEL"( ALLOCATION_CATEGORY_ID, ALLOCATION_OPTION_ID, HIERARCHY_LEVEL_ID, CREATED_USER_ID) values(2,35,2,1);
insert into "PLANNING_TOOL"."ALLOCATION_CATEGORY_OPTION_LEVEL"( ALLOCATION_CATEGORY_ID, ALLOCATION_OPTION_ID, HIERARCHY_LEVEL_ID, CREATED_USER_ID) values(2,35,3,1);
insert into "PLANNING_TOOL"."ALLOCATION_CATEGORY_OPTION_LEVEL"( ALLOCATION_CATEGORY_ID, ALLOCATION_OPTION_ID, HIERARCHY_LEVEL_ID, CREATED_USER_ID) values(2,37,2,1);
insert into "PLANNING_TOOL"."ALLOCATION_CATEGORY_OPTION_LEVEL"( ALLOCATION_CATEGORY_ID, ALLOCATION_OPTION_ID, HIERARCHY_LEVEL_ID, CREATED_USER_ID) values(2,37,3,1);

----------------------------------------------------------------------------------------------------------------------------

---INSERTS ALLOCATION_CATEGORY_OPTION_LEVEL FOR LEVEL 5 ---
insert into "PLANNING_TOOL"."ALLOCATION_CATEGORY_OPTION_LEVEL"( ALLOCATION_CATEGORY_ID, ALLOCATION_OPTION_ID, HIERARCHY_LEVEL_ID, CREATED_USER_ID) values(3,1,2,1);
insert into "PLANNING_TOOL"."ALLOCATION_CATEGORY_OPTION_LEVEL"( ALLOCATION_CATEGORY_ID, ALLOCATION_OPTION_ID, HIERARCHY_LEVEL_ID, CREATED_USER_ID) values(3,25,2,1);
insert into "PLANNING_TOOL"."ALLOCATION_CATEGORY_OPTION_LEVEL"( ALLOCATION_CATEGORY_ID, ALLOCATION_OPTION_ID, HIERARCHY_LEVEL_ID, CREATED_USER_ID) values(3,31,2,1);
insert into "PLANNING_TOOL"."ALLOCATION_CATEGORY_OPTION_LEVEL"( ALLOCATION_CATEGORY_ID, ALLOCATION_OPTION_ID, HIERARCHY_LEVEL_ID, CREATED_USER_ID) values(3,84,2,1);
insert into "PLANNING_TOOL"."ALLOCATION_CATEGORY_OPTION_LEVEL"( ALLOCATION_CATEGORY_ID, ALLOCATION_OPTION_ID, HIERARCHY_LEVEL_ID, CREATED_USER_ID) values(3,141,2,1);
insert into "PLANNING_TOOL"."ALLOCATION_CATEGORY_OPTION_LEVEL"( ALLOCATION_CATEGORY_ID, ALLOCATION_OPTION_ID, HIERARCHY_LEVEL_ID, CREATED_USER_ID) values(4,2,2,1);
insert into "PLANNING_TOOL"."ALLOCATION_CATEGORY_OPTION_LEVEL"( ALLOCATION_CATEGORY_ID, ALLOCATION_OPTION_ID, HIERARCHY_LEVEL_ID, CREATED_USER_ID) values(4,24,2,1);
insert into "PLANNING_TOOL"."ALLOCATION_CATEGORY_OPTION_LEVEL"( ALLOCATION_CATEGORY_ID, ALLOCATION_OPTION_ID, HIERARCHY_LEVEL_ID, CREATED_USER_ID) values(4,26,2,1);
insert into "PLANNING_TOOL"."ALLOCATION_CATEGORY_OPTION_LEVEL"( ALLOCATION_CATEGORY_ID, ALLOCATION_OPTION_ID, HIERARCHY_LEVEL_ID, CREATED_USER_ID) values(4,30,2,1);
insert into "PLANNING_TOOL"."ALLOCATION_CATEGORY_OPTION_LEVEL"( ALLOCATION_CATEGORY_ID, ALLOCATION_OPTION_ID, HIERARCHY_LEVEL_ID, CREATED_USER_ID) values(4,32,2,1);
insert into "PLANNING_TOOL"."ALLOCATION_CATEGORY_OPTION_LEVEL"( ALLOCATION_CATEGORY_ID, ALLOCATION_OPTION_ID, HIERARCHY_LEVEL_ID, CREATED_USER_ID) values(4,34,2,1);
insert into "PLANNING_TOOL"."ALLOCATION_CATEGORY_OPTION_LEVEL"( ALLOCATION_CATEGORY_ID, ALLOCATION_OPTION_ID, HIERARCHY_LEVEL_ID, CREATED_USER_ID) values(4,40,2,1);
insert into "PLANNING_TOOL"."ALLOCATION_CATEGORY_OPTION_LEVEL"( ALLOCATION_CATEGORY_ID, ALLOCATION_OPTION_ID, HIERARCHY_LEVEL_ID, CREATED_USER_ID) values(4,42,2,1);
insert into "PLANNING_TOOL"."ALLOCATION_CATEGORY_OPTION_LEVEL"( ALLOCATION_CATEGORY_ID, ALLOCATION_OPTION_ID, HIERARCHY_LEVEL_ID, CREATED_USER_ID) values(4,45,2,1);
insert into "PLANNING_TOOL"."ALLOCATION_CATEGORY_OPTION_LEVEL"( ALLOCATION_CATEGORY_ID, ALLOCATION_OPTION_ID, HIERARCHY_LEVEL_ID, CREATED_USER_ID) values(4,47,2,1);
insert into "PLANNING_TOOL"."ALLOCATION_CATEGORY_OPTION_LEVEL"( ALLOCATION_CATEGORY_ID, ALLOCATION_OPTION_ID, HIERARCHY_LEVEL_ID, CREATED_USER_ID) values(4,55,2,1);
insert into "PLANNING_TOOL"."ALLOCATION_CATEGORY_OPTION_LEVEL"( ALLOCATION_CATEGORY_ID, ALLOCATION_OPTION_ID, HIERARCHY_LEVEL_ID, CREATED_USER_ID) values(4,56,2,1);
insert into "PLANNING_TOOL"."ALLOCATION_CATEGORY_OPTION_LEVEL"( ALLOCATION_CATEGORY_ID, ALLOCATION_OPTION_ID, HIERARCHY_LEVEL_ID, CREATED_USER_ID) values(4,57,2,1);
insert into "PLANNING_TOOL"."ALLOCATION_CATEGORY_OPTION_LEVEL"( ALLOCATION_CATEGORY_ID, ALLOCATION_OPTION_ID, HIERARCHY_LEVEL_ID, CREATED_USER_ID) values(4,59,2,1);
insert into "PLANNING_TOOL"."ALLOCATION_CATEGORY_OPTION_LEVEL"( ALLOCATION_CATEGORY_ID, ALLOCATION_OPTION_ID, HIERARCHY_LEVEL_ID, CREATED_USER_ID) values(4,61,2,1);
insert into "PLANNING_TOOL"."ALLOCATION_CATEGORY_OPTION_LEVEL"( ALLOCATION_CATEGORY_ID, ALLOCATION_OPTION_ID, HIERARCHY_LEVEL_ID, CREATED_USER_ID) values(4,64,2,1);
insert into "PLANNING_TOOL"."ALLOCATION_CATEGORY_OPTION_LEVEL"( ALLOCATION_CATEGORY_ID, ALLOCATION_OPTION_ID, HIERARCHY_LEVEL_ID, CREATED_USER_ID) values(4,65,2,1);
insert into "PLANNING_TOOL"."ALLOCATION_CATEGORY_OPTION_LEVEL"( ALLOCATION_CATEGORY_ID, ALLOCATION_OPTION_ID, HIERARCHY_LEVEL_ID, CREATED_USER_ID) values(4,68,2,1);
insert into "PLANNING_TOOL"."ALLOCATION_CATEGORY_OPTION_LEVEL"( ALLOCATION_CATEGORY_ID, ALLOCATION_OPTION_ID, HIERARCHY_LEVEL_ID, CREATED_USER_ID) values(4,69,2,1);
insert into "PLANNING_TOOL"."ALLOCATION_CATEGORY_OPTION_LEVEL"( ALLOCATION_CATEGORY_ID, ALLOCATION_OPTION_ID, HIERARCHY_LEVEL_ID, CREATED_USER_ID) values(4,77,2,1);
insert into "PLANNING_TOOL"."ALLOCATION_CATEGORY_OPTION_LEVEL"( ALLOCATION_CATEGORY_ID, ALLOCATION_OPTION_ID, HIERARCHY_LEVEL_ID, CREATED_USER_ID) values(4,79,2,1);
insert into "PLANNING_TOOL"."ALLOCATION_CATEGORY_OPTION_LEVEL"( ALLOCATION_CATEGORY_ID, ALLOCATION_OPTION_ID, HIERARCHY_LEVEL_ID, CREATED_USER_ID) values(4,82,2,1);
insert into "PLANNING_TOOL"."ALLOCATION_CATEGORY_OPTION_LEVEL"( ALLOCATION_CATEGORY_ID, ALLOCATION_OPTION_ID, HIERARCHY_LEVEL_ID, CREATED_USER_ID) values(4,83,2,1);
insert into "PLANNING_TOOL"."ALLOCATION_CATEGORY_OPTION_LEVEL"( ALLOCATION_CATEGORY_ID, ALLOCATION_OPTION_ID, HIERARCHY_LEVEL_ID, CREATED_USER_ID) values(4,86,2,1);
insert into "PLANNING_TOOL"."ALLOCATION_CATEGORY_OPTION_LEVEL"( ALLOCATION_CATEGORY_ID, ALLOCATION_OPTION_ID, HIERARCHY_LEVEL_ID, CREATED_USER_ID) values(4,139,2,1);
insert into "PLANNING_TOOL"."ALLOCATION_CATEGORY_OPTION_LEVEL"( ALLOCATION_CATEGORY_ID, ALLOCATION_OPTION_ID, HIERARCHY_LEVEL_ID, CREATED_USER_ID) values(4,140,2,1);
insert into "PLANNING_TOOL"."ALLOCATION_CATEGORY_OPTION_LEVEL"( ALLOCATION_CATEGORY_ID, ALLOCATION_OPTION_ID, HIERARCHY_LEVEL_ID, CREATED_USER_ID) values(4,142,2,1);
insert into "PLANNING_TOOL"."ALLOCATION_CATEGORY_OPTION_LEVEL"( ALLOCATION_CATEGORY_ID, ALLOCATION_OPTION_ID, HIERARCHY_LEVEL_ID, CREATED_USER_ID) values(4,144,2,1);
insert into "PLANNING_TOOL"."ALLOCATION_CATEGORY_OPTION_LEVEL"( ALLOCATION_CATEGORY_ID, ALLOCATION_OPTION_ID, HIERARCHY_LEVEL_ID, CREATED_USER_ID) values(6,62,2,1);
insert into "PLANNING_TOOL"."ALLOCATION_CATEGORY_OPTION_LEVEL"( ALLOCATION_CATEGORY_ID, ALLOCATION_OPTION_ID, HIERARCHY_LEVEL_ID, CREATED_USER_ID) values(6,71,2,1);
insert into "PLANNING_TOOL"."ALLOCATION_CATEGORY_OPTION_LEVEL"( ALLOCATION_CATEGORY_ID, ALLOCATION_OPTION_ID, HIERARCHY_LEVEL_ID, CREATED_USER_ID) values(6,90,2,1);
insert into "PLANNING_TOOL"."ALLOCATION_CATEGORY_OPTION_LEVEL"( ALLOCATION_CATEGORY_ID, ALLOCATION_OPTION_ID, HIERARCHY_LEVEL_ID, CREATED_USER_ID) values(6,92,2,1);
insert into "PLANNING_TOOL"."ALLOCATION_CATEGORY_OPTION_LEVEL"( ALLOCATION_CATEGORY_ID, ALLOCATION_OPTION_ID, HIERARCHY_LEVEL_ID, CREATED_USER_ID) values(6,125,2,1);
insert into "PLANNING_TOOL"."ALLOCATION_CATEGORY_OPTION_LEVEL"( ALLOCATION_CATEGORY_ID, ALLOCATION_OPTION_ID, HIERARCHY_LEVEL_ID, CREATED_USER_ID) values(7,4,2,1);
insert into "PLANNING_TOOL"."ALLOCATION_CATEGORY_OPTION_LEVEL"( ALLOCATION_CATEGORY_ID, ALLOCATION_OPTION_ID, HIERARCHY_LEVEL_ID, CREATED_USER_ID) values(7,5,2,1);
insert into "PLANNING_TOOL"."ALLOCATION_CATEGORY_OPTION_LEVEL"( ALLOCATION_CATEGORY_ID, ALLOCATION_OPTION_ID, HIERARCHY_LEVEL_ID, CREATED_USER_ID) values(7,6,2,1);
insert into "PLANNING_TOOL"."ALLOCATION_CATEGORY_OPTION_LEVEL"( ALLOCATION_CATEGORY_ID, ALLOCATION_OPTION_ID, HIERARCHY_LEVEL_ID, CREATED_USER_ID) values(7,7,2,1);
insert into "PLANNING_TOOL"."ALLOCATION_CATEGORY_OPTION_LEVEL"( ALLOCATION_CATEGORY_ID, ALLOCATION_OPTION_ID, HIERARCHY_LEVEL_ID, CREATED_USER_ID) values(7,8,2,1);
insert into "PLANNING_TOOL"."ALLOCATION_CATEGORY_OPTION_LEVEL"( ALLOCATION_CATEGORY_ID, ALLOCATION_OPTION_ID, HIERARCHY_LEVEL_ID, CREATED_USER_ID) values(7,9,2,1);
insert into "PLANNING_TOOL"."ALLOCATION_CATEGORY_OPTION_LEVEL"( ALLOCATION_CATEGORY_ID, ALLOCATION_OPTION_ID, HIERARCHY_LEVEL_ID, CREATED_USER_ID) values(7,10,2,1);
insert into "PLANNING_TOOL"."ALLOCATION_CATEGORY_OPTION_LEVEL"( ALLOCATION_CATEGORY_ID, ALLOCATION_OPTION_ID, HIERARCHY_LEVEL_ID, CREATED_USER_ID) values(7,11,2,1);
insert into "PLANNING_TOOL"."ALLOCATION_CATEGORY_OPTION_LEVEL"( ALLOCATION_CATEGORY_ID, ALLOCATION_OPTION_ID, HIERARCHY_LEVEL_ID, CREATED_USER_ID) values(7,12,2,1);
insert into "PLANNING_TOOL"."ALLOCATION_CATEGORY_OPTION_LEVEL"( ALLOCATION_CATEGORY_ID, ALLOCATION_OPTION_ID, HIERARCHY_LEVEL_ID, CREATED_USER_ID) values(7,13,2,1);
insert into "PLANNING_TOOL"."ALLOCATION_CATEGORY_OPTION_LEVEL"( ALLOCATION_CATEGORY_ID, ALLOCATION_OPTION_ID, HIERARCHY_LEVEL_ID, CREATED_USER_ID) values(7,14,2,1);
insert into "PLANNING_TOOL"."ALLOCATION_CATEGORY_OPTION_LEVEL"( ALLOCATION_CATEGORY_ID, ALLOCATION_OPTION_ID, HIERARCHY_LEVEL_ID, CREATED_USER_ID) values(7,15,2,1);
insert into "PLANNING_TOOL"."ALLOCATION_CATEGORY_OPTION_LEVEL"( ALLOCATION_CATEGORY_ID, ALLOCATION_OPTION_ID, HIERARCHY_LEVEL_ID, CREATED_USER_ID) values(7,16,2,1);
insert into "PLANNING_TOOL"."ALLOCATION_CATEGORY_OPTION_LEVEL"( ALLOCATION_CATEGORY_ID, ALLOCATION_OPTION_ID, HIERARCHY_LEVEL_ID, CREATED_USER_ID) values(7,17,2,1);
insert into "PLANNING_TOOL"."ALLOCATION_CATEGORY_OPTION_LEVEL"( ALLOCATION_CATEGORY_ID, ALLOCATION_OPTION_ID, HIERARCHY_LEVEL_ID, CREATED_USER_ID) values(7,18,2,1);
insert into "PLANNING_TOOL"."ALLOCATION_CATEGORY_OPTION_LEVEL"( ALLOCATION_CATEGORY_ID, ALLOCATION_OPTION_ID, HIERARCHY_LEVEL_ID, CREATED_USER_ID) values(7,19,2,1);
insert into "PLANNING_TOOL"."ALLOCATION_CATEGORY_OPTION_LEVEL"( ALLOCATION_CATEGORY_ID, ALLOCATION_OPTION_ID, HIERARCHY_LEVEL_ID, CREATED_USER_ID) values(7,20,2,1);
insert into "PLANNING_TOOL"."ALLOCATION_CATEGORY_OPTION_LEVEL"( ALLOCATION_CATEGORY_ID, ALLOCATION_OPTION_ID, HIERARCHY_LEVEL_ID, CREATED_USER_ID) values(7,21,2,1);
insert into "PLANNING_TOOL"."ALLOCATION_CATEGORY_OPTION_LEVEL"( ALLOCATION_CATEGORY_ID, ALLOCATION_OPTION_ID, HIERARCHY_LEVEL_ID, CREATED_USER_ID) values(7,22,2,1);
insert into "PLANNING_TOOL"."ALLOCATION_CATEGORY_OPTION_LEVEL"( ALLOCATION_CATEGORY_ID, ALLOCATION_OPTION_ID, HIERARCHY_LEVEL_ID, CREATED_USER_ID) values(7,23,2,1);
insert into "PLANNING_TOOL"."ALLOCATION_CATEGORY_OPTION_LEVEL"( ALLOCATION_CATEGORY_ID, ALLOCATION_OPTION_ID, HIERARCHY_LEVEL_ID, CREATED_USER_ID) values(7,29,2,1);
insert into "PLANNING_TOOL"."ALLOCATION_CATEGORY_OPTION_LEVEL"( ALLOCATION_CATEGORY_ID, ALLOCATION_OPTION_ID, HIERARCHY_LEVEL_ID, CREATED_USER_ID) values(7,39,2,1);
insert into "PLANNING_TOOL"."ALLOCATION_CATEGORY_OPTION_LEVEL"( ALLOCATION_CATEGORY_ID, ALLOCATION_OPTION_ID, HIERARCHY_LEVEL_ID, CREATED_USER_ID) values(7,41,2,1);
insert into "PLANNING_TOOL"."ALLOCATION_CATEGORY_OPTION_LEVEL"( ALLOCATION_CATEGORY_ID, ALLOCATION_OPTION_ID, HIERARCHY_LEVEL_ID, CREATED_USER_ID) values(7,43,2,1);
insert into "PLANNING_TOOL"."ALLOCATION_CATEGORY_OPTION_LEVEL"( ALLOCATION_CATEGORY_ID, ALLOCATION_OPTION_ID, HIERARCHY_LEVEL_ID, CREATED_USER_ID) values(7,145,2,1);
insert into "PLANNING_TOOL"."ALLOCATION_CATEGORY_OPTION_LEVEL"( ALLOCATION_CATEGORY_ID, ALLOCATION_OPTION_ID, HIERARCHY_LEVEL_ID, CREATED_USER_ID) values(7,49,2,1);
insert into "PLANNING_TOOL"."ALLOCATION_CATEGORY_OPTION_LEVEL"( ALLOCATION_CATEGORY_ID, ALLOCATION_OPTION_ID, HIERARCHY_LEVEL_ID, CREATED_USER_ID) values(7,50,2,1);
insert into "PLANNING_TOOL"."ALLOCATION_CATEGORY_OPTION_LEVEL"( ALLOCATION_CATEGORY_ID, ALLOCATION_OPTION_ID, HIERARCHY_LEVEL_ID, CREATED_USER_ID) values(7,60,2,1);
insert into "PLANNING_TOOL"."ALLOCATION_CATEGORY_OPTION_LEVEL"( ALLOCATION_CATEGORY_ID, ALLOCATION_OPTION_ID, HIERARCHY_LEVEL_ID, CREATED_USER_ID) values(7,67,2,1);
insert into "PLANNING_TOOL"."ALLOCATION_CATEGORY_OPTION_LEVEL"( ALLOCATION_CATEGORY_ID, ALLOCATION_OPTION_ID, HIERARCHY_LEVEL_ID, CREATED_USER_ID) values(7,70,2,1);
insert into "PLANNING_TOOL"."ALLOCATION_CATEGORY_OPTION_LEVEL"( ALLOCATION_CATEGORY_ID, ALLOCATION_OPTION_ID, HIERARCHY_LEVEL_ID, CREATED_USER_ID) values(7,78,2,1);
insert into "PLANNING_TOOL"."ALLOCATION_CATEGORY_OPTION_LEVEL"( ALLOCATION_CATEGORY_ID, ALLOCATION_OPTION_ID, HIERARCHY_LEVEL_ID, CREATED_USER_ID) values(7,80,2,1);
insert into "PLANNING_TOOL"."ALLOCATION_CATEGORY_OPTION_LEVEL"( ALLOCATION_CATEGORY_ID, ALLOCATION_OPTION_ID, HIERARCHY_LEVEL_ID, CREATED_USER_ID) values(7,85,2,1);
insert into "PLANNING_TOOL"."ALLOCATION_CATEGORY_OPTION_LEVEL"( ALLOCATION_CATEGORY_ID, ALLOCATION_OPTION_ID, HIERARCHY_LEVEL_ID, CREATED_USER_ID) values(7,95,2,1);
insert into "PLANNING_TOOL"."ALLOCATION_CATEGORY_OPTION_LEVEL"( ALLOCATION_CATEGORY_ID, ALLOCATION_OPTION_ID, HIERARCHY_LEVEL_ID, CREATED_USER_ID) values(7,96,2,1);
insert into "PLANNING_TOOL"."ALLOCATION_CATEGORY_OPTION_LEVEL"( ALLOCATION_CATEGORY_ID, ALLOCATION_OPTION_ID, HIERARCHY_LEVEL_ID, CREATED_USER_ID) values(7,97,2,1);
insert into "PLANNING_TOOL"."ALLOCATION_CATEGORY_OPTION_LEVEL"( ALLOCATION_CATEGORY_ID, ALLOCATION_OPTION_ID, HIERARCHY_LEVEL_ID, CREATED_USER_ID) values(7,98,2,1);
insert into "PLANNING_TOOL"."ALLOCATION_CATEGORY_OPTION_LEVEL"( ALLOCATION_CATEGORY_ID, ALLOCATION_OPTION_ID, HIERARCHY_LEVEL_ID, CREATED_USER_ID) values(7,99,2,1);
insert into "PLANNING_TOOL"."ALLOCATION_CATEGORY_OPTION_LEVEL"( ALLOCATION_CATEGORY_ID, ALLOCATION_OPTION_ID, HIERARCHY_LEVEL_ID, CREATED_USER_ID) values(7,100,2,1);
insert into "PLANNING_TOOL"."ALLOCATION_CATEGORY_OPTION_LEVEL"( ALLOCATION_CATEGORY_ID, ALLOCATION_OPTION_ID, HIERARCHY_LEVEL_ID, CREATED_USER_ID) values(7,101,2,1);
insert into "PLANNING_TOOL"."ALLOCATION_CATEGORY_OPTION_LEVEL"( ALLOCATION_CATEGORY_ID, ALLOCATION_OPTION_ID, HIERARCHY_LEVEL_ID, CREATED_USER_ID) values(7,102,2,1);
insert into "PLANNING_TOOL"."ALLOCATION_CATEGORY_OPTION_LEVEL"( ALLOCATION_CATEGORY_ID, ALLOCATION_OPTION_ID, HIERARCHY_LEVEL_ID, CREATED_USER_ID) values(7,103,2,1);
insert into "PLANNING_TOOL"."ALLOCATION_CATEGORY_OPTION_LEVEL"( ALLOCATION_CATEGORY_ID, ALLOCATION_OPTION_ID, HIERARCHY_LEVEL_ID, CREATED_USER_ID) values(7,104,2,1);
insert into "PLANNING_TOOL"."ALLOCATION_CATEGORY_OPTION_LEVEL"( ALLOCATION_CATEGORY_ID, ALLOCATION_OPTION_ID, HIERARCHY_LEVEL_ID, CREATED_USER_ID) values(7,105,2,1);
insert into "PLANNING_TOOL"."ALLOCATION_CATEGORY_OPTION_LEVEL"( ALLOCATION_CATEGORY_ID, ALLOCATION_OPTION_ID, HIERARCHY_LEVEL_ID, CREATED_USER_ID) values(7,106,2,1);
insert into "PLANNING_TOOL"."ALLOCATION_CATEGORY_OPTION_LEVEL"( ALLOCATION_CATEGORY_ID, ALLOCATION_OPTION_ID, HIERARCHY_LEVEL_ID, CREATED_USER_ID) values(7,107,2,1);
insert into "PLANNING_TOOL"."ALLOCATION_CATEGORY_OPTION_LEVEL"( ALLOCATION_CATEGORY_ID, ALLOCATION_OPTION_ID, HIERARCHY_LEVEL_ID, CREATED_USER_ID) values(7,108,2,1);
insert into "PLANNING_TOOL"."ALLOCATION_CATEGORY_OPTION_LEVEL"( ALLOCATION_CATEGORY_ID, ALLOCATION_OPTION_ID, HIERARCHY_LEVEL_ID, CREATED_USER_ID) values(7,109,2,1);
insert into "PLANNING_TOOL"."ALLOCATION_CATEGORY_OPTION_LEVEL"( ALLOCATION_CATEGORY_ID, ALLOCATION_OPTION_ID, HIERARCHY_LEVEL_ID, CREATED_USER_ID) values(7,110,2,1);
insert into "PLANNING_TOOL"."ALLOCATION_CATEGORY_OPTION_LEVEL"( ALLOCATION_CATEGORY_ID, ALLOCATION_OPTION_ID, HIERARCHY_LEVEL_ID, CREATED_USER_ID) values(7,111,2,1);
insert into "PLANNING_TOOL"."ALLOCATION_CATEGORY_OPTION_LEVEL"( ALLOCATION_CATEGORY_ID, ALLOCATION_OPTION_ID, HIERARCHY_LEVEL_ID, CREATED_USER_ID) values(7,112,2,1);
insert into "PLANNING_TOOL"."ALLOCATION_CATEGORY_OPTION_LEVEL"( ALLOCATION_CATEGORY_ID, ALLOCATION_OPTION_ID, HIERARCHY_LEVEL_ID, CREATED_USER_ID) values(7,113,2,1);
insert into "PLANNING_TOOL"."ALLOCATION_CATEGORY_OPTION_LEVEL"( ALLOCATION_CATEGORY_ID, ALLOCATION_OPTION_ID, HIERARCHY_LEVEL_ID, CREATED_USER_ID) values(7,114,2,1);
insert into "PLANNING_TOOL"."ALLOCATION_CATEGORY_OPTION_LEVEL"( ALLOCATION_CATEGORY_ID, ALLOCATION_OPTION_ID, HIERARCHY_LEVEL_ID, CREATED_USER_ID) values(7,115,2,1);
insert into "PLANNING_TOOL"."ALLOCATION_CATEGORY_OPTION_LEVEL"( ALLOCATION_CATEGORY_ID, ALLOCATION_OPTION_ID, HIERARCHY_LEVEL_ID, CREATED_USER_ID) values(7,116,2,1);
insert into "PLANNING_TOOL"."ALLOCATION_CATEGORY_OPTION_LEVEL"( ALLOCATION_CATEGORY_ID, ALLOCATION_OPTION_ID, HIERARCHY_LEVEL_ID, CREATED_USER_ID) values(7,117,2,1);
insert into "PLANNING_TOOL"."ALLOCATION_CATEGORY_OPTION_LEVEL"( ALLOCATION_CATEGORY_ID, ALLOCATION_OPTION_ID, HIERARCHY_LEVEL_ID, CREATED_USER_ID) values(7,118,2,1);
insert into "PLANNING_TOOL"."ALLOCATION_CATEGORY_OPTION_LEVEL"( ALLOCATION_CATEGORY_ID, ALLOCATION_OPTION_ID, HIERARCHY_LEVEL_ID, CREATED_USER_ID) values(7,119,2,1);
insert into "PLANNING_TOOL"."ALLOCATION_CATEGORY_OPTION_LEVEL"( ALLOCATION_CATEGORY_ID, ALLOCATION_OPTION_ID, HIERARCHY_LEVEL_ID, CREATED_USER_ID) values(7,120,2,1);
insert into "PLANNING_TOOL"."ALLOCATION_CATEGORY_OPTION_LEVEL"( ALLOCATION_CATEGORY_ID, ALLOCATION_OPTION_ID, HIERARCHY_LEVEL_ID, CREATED_USER_ID) values(7,126,2,1);
insert into "PLANNING_TOOL"."ALLOCATION_CATEGORY_OPTION_LEVEL"( ALLOCATION_CATEGORY_ID, ALLOCATION_OPTION_ID, HIERARCHY_LEVEL_ID, CREATED_USER_ID) values(7,127,2,1);
insert into "PLANNING_TOOL"."ALLOCATION_CATEGORY_OPTION_LEVEL"( ALLOCATION_CATEGORY_ID, ALLOCATION_OPTION_ID, HIERARCHY_LEVEL_ID, CREATED_USER_ID) values(7,128,2,1);
insert into "PLANNING_TOOL"."ALLOCATION_CATEGORY_OPTION_LEVEL"( ALLOCATION_CATEGORY_ID, ALLOCATION_OPTION_ID, HIERARCHY_LEVEL_ID, CREATED_USER_ID) values(7,129,2,1);
insert into "PLANNING_TOOL"."ALLOCATION_CATEGORY_OPTION_LEVEL"( ALLOCATION_CATEGORY_ID, ALLOCATION_OPTION_ID, HIERARCHY_LEVEL_ID, CREATED_USER_ID) values(7,130,2,1);
insert into "PLANNING_TOOL"."ALLOCATION_CATEGORY_OPTION_LEVEL"( ALLOCATION_CATEGORY_ID, ALLOCATION_OPTION_ID, HIERARCHY_LEVEL_ID, CREATED_USER_ID) values(7,131,2,1);
insert into "PLANNING_TOOL"."ALLOCATION_CATEGORY_OPTION_LEVEL"( ALLOCATION_CATEGORY_ID, ALLOCATION_OPTION_ID, HIERARCHY_LEVEL_ID, CREATED_USER_ID) values(7,132,2,1);
insert into "PLANNING_TOOL"."ALLOCATION_CATEGORY_OPTION_LEVEL"( ALLOCATION_CATEGORY_ID, ALLOCATION_OPTION_ID, HIERARCHY_LEVEL_ID, CREATED_USER_ID) values(7,133,2,1);
insert into "PLANNING_TOOL"."ALLOCATION_CATEGORY_OPTION_LEVEL"( ALLOCATION_CATEGORY_ID, ALLOCATION_OPTION_ID, HIERARCHY_LEVEL_ID, CREATED_USER_ID) values(7,134,2,1);
insert into "PLANNING_TOOL"."ALLOCATION_CATEGORY_OPTION_LEVEL"( ALLOCATION_CATEGORY_ID, ALLOCATION_OPTION_ID, HIERARCHY_LEVEL_ID, CREATED_USER_ID) values(7,135,2,1);
insert into "PLANNING_TOOL"."ALLOCATION_CATEGORY_OPTION_LEVEL"( ALLOCATION_CATEGORY_ID, ALLOCATION_OPTION_ID, HIERARCHY_LEVEL_ID, CREATED_USER_ID) values(7,136,2,1);
insert into "PLANNING_TOOL"."ALLOCATION_CATEGORY_OPTION_LEVEL"( ALLOCATION_CATEGORY_ID, ALLOCATION_OPTION_ID, HIERARCHY_LEVEL_ID, CREATED_USER_ID) values(7,137,2,1);
insert into "PLANNING_TOOL"."ALLOCATION_CATEGORY_OPTION_LEVEL"( ALLOCATION_CATEGORY_ID, ALLOCATION_OPTION_ID, HIERARCHY_LEVEL_ID, CREATED_USER_ID) values(7,138,2,1);
insert into "PLANNING_TOOL"."ALLOCATION_CATEGORY_OPTION_LEVEL"( ALLOCATION_CATEGORY_ID, ALLOCATION_OPTION_ID, HIERARCHY_LEVEL_ID, CREATED_USER_ID) values(7,143,2,1);
insert into "PLANNING_TOOL"."ALLOCATION_CATEGORY_OPTION_LEVEL"( ALLOCATION_CATEGORY_ID, ALLOCATION_OPTION_ID, HIERARCHY_LEVEL_ID, CREATED_USER_ID) values(5,3,2,1);
insert into "PLANNING_TOOL"."ALLOCATION_CATEGORY_OPTION_LEVEL"( ALLOCATION_CATEGORY_ID, ALLOCATION_OPTION_ID, HIERARCHY_LEVEL_ID, CREATED_USER_ID) values(5,38,2,1);
insert into "PLANNING_TOOL"."ALLOCATION_CATEGORY_OPTION_LEVEL"( ALLOCATION_CATEGORY_ID, ALLOCATION_OPTION_ID, HIERARCHY_LEVEL_ID, CREATED_USER_ID) values(5,44,2,1);
insert into "PLANNING_TOOL"."ALLOCATION_CATEGORY_OPTION_LEVEL"( ALLOCATION_CATEGORY_ID, ALLOCATION_OPTION_ID, HIERARCHY_LEVEL_ID, CREATED_USER_ID) values(5,48,2,1);
insert into "PLANNING_TOOL"."ALLOCATION_CATEGORY_OPTION_LEVEL"( ALLOCATION_CATEGORY_ID, ALLOCATION_OPTION_ID, HIERARCHY_LEVEL_ID, CREATED_USER_ID) values(5,51,2,1);
insert into "PLANNING_TOOL"."ALLOCATION_CATEGORY_OPTION_LEVEL"( ALLOCATION_CATEGORY_ID, ALLOCATION_OPTION_ID, HIERARCHY_LEVEL_ID, CREATED_USER_ID) values(5,52,2,1);
insert into "PLANNING_TOOL"."ALLOCATION_CATEGORY_OPTION_LEVEL"( ALLOCATION_CATEGORY_ID, ALLOCATION_OPTION_ID, HIERARCHY_LEVEL_ID, CREATED_USER_ID) values(5,53,2,1);
insert into "PLANNING_TOOL"."ALLOCATION_CATEGORY_OPTION_LEVEL"( ALLOCATION_CATEGORY_ID, ALLOCATION_OPTION_ID, HIERARCHY_LEVEL_ID, CREATED_USER_ID) values(5,75,2,1);
insert into "PLANNING_TOOL"."ALLOCATION_CATEGORY_OPTION_LEVEL"( ALLOCATION_CATEGORY_ID, ALLOCATION_OPTION_ID, HIERARCHY_LEVEL_ID, CREATED_USER_ID) values(5,94,2,1);
insert into "PLANNING_TOOL"."ALLOCATION_CATEGORY_OPTION_LEVEL"( ALLOCATION_CATEGORY_ID, ALLOCATION_OPTION_ID, HIERARCHY_LEVEL_ID, CREATED_USER_ID) values(5,123,2,1);

----------------------------------------------------------------------------------------------------------------------------

---INSERTS ALLOCATION_CATEGORY_OPTION_LEVEL FOR LEVEL 6 ---
insert into "PLANNING_TOOL"."ALLOCATION_CATEGORY_OPTION_LEVEL"( ALLOCATION_CATEGORY_ID, ALLOCATION_OPTION_ID, HIERARCHY_LEVEL_ID, CREATED_USER_ID) values(3,1,3,1);
insert into "PLANNING_TOOL"."ALLOCATION_CATEGORY_OPTION_LEVEL"( ALLOCATION_CATEGORY_ID, ALLOCATION_OPTION_ID, HIERARCHY_LEVEL_ID, CREATED_USER_ID) values(3,25,3,1);
insert into "PLANNING_TOOL"."ALLOCATION_CATEGORY_OPTION_LEVEL"( ALLOCATION_CATEGORY_ID, ALLOCATION_OPTION_ID, HIERARCHY_LEVEL_ID, CREATED_USER_ID) values(3,31,3,1);
insert into "PLANNING_TOOL"."ALLOCATION_CATEGORY_OPTION_LEVEL"( ALLOCATION_CATEGORY_ID, ALLOCATION_OPTION_ID, HIERARCHY_LEVEL_ID, CREATED_USER_ID) values(3,84,3,1);
insert into "PLANNING_TOOL"."ALLOCATION_CATEGORY_OPTION_LEVEL"( ALLOCATION_CATEGORY_ID, ALLOCATION_OPTION_ID, HIERARCHY_LEVEL_ID, CREATED_USER_ID) values(3,141,3,1);
insert into "PLANNING_TOOL"."ALLOCATION_CATEGORY_OPTION_LEVEL"( ALLOCATION_CATEGORY_ID, ALLOCATION_OPTION_ID, HIERARCHY_LEVEL_ID, CREATED_USER_ID) values(4,2,3,1);
insert into "PLANNING_TOOL"."ALLOCATION_CATEGORY_OPTION_LEVEL"( ALLOCATION_CATEGORY_ID, ALLOCATION_OPTION_ID, HIERARCHY_LEVEL_ID, CREATED_USER_ID) values(4,24,3,1);
insert into "PLANNING_TOOL"."ALLOCATION_CATEGORY_OPTION_LEVEL"( ALLOCATION_CATEGORY_ID, ALLOCATION_OPTION_ID, HIERARCHY_LEVEL_ID, CREATED_USER_ID) values(4,26,3,1);
insert into "PLANNING_TOOL"."ALLOCATION_CATEGORY_OPTION_LEVEL"( ALLOCATION_CATEGORY_ID, ALLOCATION_OPTION_ID, HIERARCHY_LEVEL_ID, CREATED_USER_ID) values(4,30,3,1);
insert into "PLANNING_TOOL"."ALLOCATION_CATEGORY_OPTION_LEVEL"( ALLOCATION_CATEGORY_ID, ALLOCATION_OPTION_ID, HIERARCHY_LEVEL_ID, CREATED_USER_ID) values(4,32,3,1);
insert into "PLANNING_TOOL"."ALLOCATION_CATEGORY_OPTION_LEVEL"( ALLOCATION_CATEGORY_ID, ALLOCATION_OPTION_ID, HIERARCHY_LEVEL_ID, CREATED_USER_ID) values(4,34,3,1);
insert into "PLANNING_TOOL"."ALLOCATION_CATEGORY_OPTION_LEVEL"( ALLOCATION_CATEGORY_ID, ALLOCATION_OPTION_ID, HIERARCHY_LEVEL_ID, CREATED_USER_ID) values(4,40,3,1);
insert into "PLANNING_TOOL"."ALLOCATION_CATEGORY_OPTION_LEVEL"( ALLOCATION_CATEGORY_ID, ALLOCATION_OPTION_ID, HIERARCHY_LEVEL_ID, CREATED_USER_ID) values(4,42,3,1);
insert into "PLANNING_TOOL"."ALLOCATION_CATEGORY_OPTION_LEVEL"( ALLOCATION_CATEGORY_ID, ALLOCATION_OPTION_ID, HIERARCHY_LEVEL_ID, CREATED_USER_ID) values(4,45,3,1);
insert into "PLANNING_TOOL"."ALLOCATION_CATEGORY_OPTION_LEVEL"( ALLOCATION_CATEGORY_ID, ALLOCATION_OPTION_ID, HIERARCHY_LEVEL_ID, CREATED_USER_ID) values(4,47,3,1);
insert into "PLANNING_TOOL"."ALLOCATION_CATEGORY_OPTION_LEVEL"( ALLOCATION_CATEGORY_ID, ALLOCATION_OPTION_ID, HIERARCHY_LEVEL_ID, CREATED_USER_ID) values(4,55,3,1);
insert into "PLANNING_TOOL"."ALLOCATION_CATEGORY_OPTION_LEVEL"( ALLOCATION_CATEGORY_ID, ALLOCATION_OPTION_ID, HIERARCHY_LEVEL_ID, CREATED_USER_ID) values(4,56,3,1);
insert into "PLANNING_TOOL"."ALLOCATION_CATEGORY_OPTION_LEVEL"( ALLOCATION_CATEGORY_ID, ALLOCATION_OPTION_ID, HIERARCHY_LEVEL_ID, CREATED_USER_ID) values(4,57,3,1);
insert into "PLANNING_TOOL"."ALLOCATION_CATEGORY_OPTION_LEVEL"( ALLOCATION_CATEGORY_ID, ALLOCATION_OPTION_ID, HIERARCHY_LEVEL_ID, CREATED_USER_ID) values(4,59,3,1);
insert into "PLANNING_TOOL"."ALLOCATION_CATEGORY_OPTION_LEVEL"( ALLOCATION_CATEGORY_ID, ALLOCATION_OPTION_ID, HIERARCHY_LEVEL_ID, CREATED_USER_ID) values(4,61,3,1);
insert into "PLANNING_TOOL"."ALLOCATION_CATEGORY_OPTION_LEVEL"( ALLOCATION_CATEGORY_ID, ALLOCATION_OPTION_ID, HIERARCHY_LEVEL_ID, CREATED_USER_ID) values(4,64,3,1);
insert into "PLANNING_TOOL"."ALLOCATION_CATEGORY_OPTION_LEVEL"( ALLOCATION_CATEGORY_ID, ALLOCATION_OPTION_ID, HIERARCHY_LEVEL_ID, CREATED_USER_ID) values(4,65,3,1);
insert into "PLANNING_TOOL"."ALLOCATION_CATEGORY_OPTION_LEVEL"( ALLOCATION_CATEGORY_ID, ALLOCATION_OPTION_ID, HIERARCHY_LEVEL_ID, CREATED_USER_ID) values(4,68,3,1);
insert into "PLANNING_TOOL"."ALLOCATION_CATEGORY_OPTION_LEVEL"( ALLOCATION_CATEGORY_ID, ALLOCATION_OPTION_ID, HIERARCHY_LEVEL_ID, CREATED_USER_ID) values(4,69,3,1);
insert into "PLANNING_TOOL"."ALLOCATION_CATEGORY_OPTION_LEVEL"( ALLOCATION_CATEGORY_ID, ALLOCATION_OPTION_ID, HIERARCHY_LEVEL_ID, CREATED_USER_ID) values(4,77,3,1);
insert into "PLANNING_TOOL"."ALLOCATION_CATEGORY_OPTION_LEVEL"( ALLOCATION_CATEGORY_ID, ALLOCATION_OPTION_ID, HIERARCHY_LEVEL_ID, CREATED_USER_ID) values(4,79,3,1);
insert into "PLANNING_TOOL"."ALLOCATION_CATEGORY_OPTION_LEVEL"( ALLOCATION_CATEGORY_ID, ALLOCATION_OPTION_ID, HIERARCHY_LEVEL_ID, CREATED_USER_ID) values(4,82,3,1);
insert into "PLANNING_TOOL"."ALLOCATION_CATEGORY_OPTION_LEVEL"( ALLOCATION_CATEGORY_ID, ALLOCATION_OPTION_ID, HIERARCHY_LEVEL_ID, CREATED_USER_ID) values(4,83,3,1);
insert into "PLANNING_TOOL"."ALLOCATION_CATEGORY_OPTION_LEVEL"( ALLOCATION_CATEGORY_ID, ALLOCATION_OPTION_ID, HIERARCHY_LEVEL_ID, CREATED_USER_ID) values(4,86,3,1);
insert into "PLANNING_TOOL"."ALLOCATION_CATEGORY_OPTION_LEVEL"( ALLOCATION_CATEGORY_ID, ALLOCATION_OPTION_ID, HIERARCHY_LEVEL_ID, CREATED_USER_ID) values(4,139,3,1);
insert into "PLANNING_TOOL"."ALLOCATION_CATEGORY_OPTION_LEVEL"( ALLOCATION_CATEGORY_ID, ALLOCATION_OPTION_ID, HIERARCHY_LEVEL_ID, CREATED_USER_ID) values(4,140,3,1);
insert into "PLANNING_TOOL"."ALLOCATION_CATEGORY_OPTION_LEVEL"( ALLOCATION_CATEGORY_ID, ALLOCATION_OPTION_ID, HIERARCHY_LEVEL_ID, CREATED_USER_ID) values(4,142,3,1);
insert into "PLANNING_TOOL"."ALLOCATION_CATEGORY_OPTION_LEVEL"( ALLOCATION_CATEGORY_ID, ALLOCATION_OPTION_ID, HIERARCHY_LEVEL_ID, CREATED_USER_ID) values(4,144,3,1);
insert into "PLANNING_TOOL"."ALLOCATION_CATEGORY_OPTION_LEVEL"( ALLOCATION_CATEGORY_ID, ALLOCATION_OPTION_ID, HIERARCHY_LEVEL_ID, CREATED_USER_ID) values(6,62,3,1);
insert into "PLANNING_TOOL"."ALLOCATION_CATEGORY_OPTION_LEVEL"( ALLOCATION_CATEGORY_ID, ALLOCATION_OPTION_ID, HIERARCHY_LEVEL_ID, CREATED_USER_ID) values(6,71,3,1);
insert into "PLANNING_TOOL"."ALLOCATION_CATEGORY_OPTION_LEVEL"( ALLOCATION_CATEGORY_ID, ALLOCATION_OPTION_ID, HIERARCHY_LEVEL_ID, CREATED_USER_ID) values(6,90,3,1);
insert into "PLANNING_TOOL"."ALLOCATION_CATEGORY_OPTION_LEVEL"( ALLOCATION_CATEGORY_ID, ALLOCATION_OPTION_ID, HIERARCHY_LEVEL_ID, CREATED_USER_ID) values(6,92,3,1);
insert into "PLANNING_TOOL"."ALLOCATION_CATEGORY_OPTION_LEVEL"( ALLOCATION_CATEGORY_ID, ALLOCATION_OPTION_ID, HIERARCHY_LEVEL_ID, CREATED_USER_ID) values(6,125,3,1);
insert into "PLANNING_TOOL"."ALLOCATION_CATEGORY_OPTION_LEVEL"( ALLOCATION_CATEGORY_ID, ALLOCATION_OPTION_ID, HIERARCHY_LEVEL_ID, CREATED_USER_ID) values(7,4,3,1);
insert into "PLANNING_TOOL"."ALLOCATION_CATEGORY_OPTION_LEVEL"( ALLOCATION_CATEGORY_ID, ALLOCATION_OPTION_ID, HIERARCHY_LEVEL_ID, CREATED_USER_ID) values(7,5,3,1);
insert into "PLANNING_TOOL"."ALLOCATION_CATEGORY_OPTION_LEVEL"( ALLOCATION_CATEGORY_ID, ALLOCATION_OPTION_ID, HIERARCHY_LEVEL_ID, CREATED_USER_ID) values(7,6,3,1);
insert into "PLANNING_TOOL"."ALLOCATION_CATEGORY_OPTION_LEVEL"( ALLOCATION_CATEGORY_ID, ALLOCATION_OPTION_ID, HIERARCHY_LEVEL_ID, CREATED_USER_ID) values(7,7,3,1);
insert into "PLANNING_TOOL"."ALLOCATION_CATEGORY_OPTION_LEVEL"( ALLOCATION_CATEGORY_ID, ALLOCATION_OPTION_ID, HIERARCHY_LEVEL_ID, CREATED_USER_ID) values(7,8,3,1);
insert into "PLANNING_TOOL"."ALLOCATION_CATEGORY_OPTION_LEVEL"( ALLOCATION_CATEGORY_ID, ALLOCATION_OPTION_ID, HIERARCHY_LEVEL_ID, CREATED_USER_ID) values(7,9,3,1);
insert into "PLANNING_TOOL"."ALLOCATION_CATEGORY_OPTION_LEVEL"( ALLOCATION_CATEGORY_ID, ALLOCATION_OPTION_ID, HIERARCHY_LEVEL_ID, CREATED_USER_ID) values(7,10,3,1);
insert into "PLANNING_TOOL"."ALLOCATION_CATEGORY_OPTION_LEVEL"( ALLOCATION_CATEGORY_ID, ALLOCATION_OPTION_ID, HIERARCHY_LEVEL_ID, CREATED_USER_ID) values(7,11,3,1);
insert into "PLANNING_TOOL"."ALLOCATION_CATEGORY_OPTION_LEVEL"( ALLOCATION_CATEGORY_ID, ALLOCATION_OPTION_ID, HIERARCHY_LEVEL_ID, CREATED_USER_ID) values(7,12,3,1);
insert into "PLANNING_TOOL"."ALLOCATION_CATEGORY_OPTION_LEVEL"( ALLOCATION_CATEGORY_ID, ALLOCATION_OPTION_ID, HIERARCHY_LEVEL_ID, CREATED_USER_ID) values(7,13,3,1);
insert into "PLANNING_TOOL"."ALLOCATION_CATEGORY_OPTION_LEVEL"( ALLOCATION_CATEGORY_ID, ALLOCATION_OPTION_ID, HIERARCHY_LEVEL_ID, CREATED_USER_ID) values(7,14,3,1);
insert into "PLANNING_TOOL"."ALLOCATION_CATEGORY_OPTION_LEVEL"( ALLOCATION_CATEGORY_ID, ALLOCATION_OPTION_ID, HIERARCHY_LEVEL_ID, CREATED_USER_ID) values(7,15,3,1);
insert into "PLANNING_TOOL"."ALLOCATION_CATEGORY_OPTION_LEVEL"( ALLOCATION_CATEGORY_ID, ALLOCATION_OPTION_ID, HIERARCHY_LEVEL_ID, CREATED_USER_ID) values(7,16,3,1);
insert into "PLANNING_TOOL"."ALLOCATION_CATEGORY_OPTION_LEVEL"( ALLOCATION_CATEGORY_ID, ALLOCATION_OPTION_ID, HIERARCHY_LEVEL_ID, CREATED_USER_ID) values(7,17,3,1);
insert into "PLANNING_TOOL"."ALLOCATION_CATEGORY_OPTION_LEVEL"( ALLOCATION_CATEGORY_ID, ALLOCATION_OPTION_ID, HIERARCHY_LEVEL_ID, CREATED_USER_ID) values(7,18,3,1);
insert into "PLANNING_TOOL"."ALLOCATION_CATEGORY_OPTION_LEVEL"( ALLOCATION_CATEGORY_ID, ALLOCATION_OPTION_ID, HIERARCHY_LEVEL_ID, CREATED_USER_ID) values(7,19,3,1);
insert into "PLANNING_TOOL"."ALLOCATION_CATEGORY_OPTION_LEVEL"( ALLOCATION_CATEGORY_ID, ALLOCATION_OPTION_ID, HIERARCHY_LEVEL_ID, CREATED_USER_ID) values(7,20,3,1);
insert into "PLANNING_TOOL"."ALLOCATION_CATEGORY_OPTION_LEVEL"( ALLOCATION_CATEGORY_ID, ALLOCATION_OPTION_ID, HIERARCHY_LEVEL_ID, CREATED_USER_ID) values(7,21,3,1);
insert into "PLANNING_TOOL"."ALLOCATION_CATEGORY_OPTION_LEVEL"( ALLOCATION_CATEGORY_ID, ALLOCATION_OPTION_ID, HIERARCHY_LEVEL_ID, CREATED_USER_ID) values(7,22,3,1);
insert into "PLANNING_TOOL"."ALLOCATION_CATEGORY_OPTION_LEVEL"( ALLOCATION_CATEGORY_ID, ALLOCATION_OPTION_ID, HIERARCHY_LEVEL_ID, CREATED_USER_ID) values(7,23,3,1);
insert into "PLANNING_TOOL"."ALLOCATION_CATEGORY_OPTION_LEVEL"( ALLOCATION_CATEGORY_ID, ALLOCATION_OPTION_ID, HIERARCHY_LEVEL_ID, CREATED_USER_ID) values(7,29,3,1);
insert into "PLANNING_TOOL"."ALLOCATION_CATEGORY_OPTION_LEVEL"( ALLOCATION_CATEGORY_ID, ALLOCATION_OPTION_ID, HIERARCHY_LEVEL_ID, CREATED_USER_ID) values(7,39,3,1);
insert into "PLANNING_TOOL"."ALLOCATION_CATEGORY_OPTION_LEVEL"( ALLOCATION_CATEGORY_ID, ALLOCATION_OPTION_ID, HIERARCHY_LEVEL_ID, CREATED_USER_ID) values(7,41,3,1);
insert into "PLANNING_TOOL"."ALLOCATION_CATEGORY_OPTION_LEVEL"( ALLOCATION_CATEGORY_ID, ALLOCATION_OPTION_ID, HIERARCHY_LEVEL_ID, CREATED_USER_ID) values(7,43,3,1);
insert into "PLANNING_TOOL"."ALLOCATION_CATEGORY_OPTION_LEVEL"( ALLOCATION_CATEGORY_ID, ALLOCATION_OPTION_ID, HIERARCHY_LEVEL_ID, CREATED_USER_ID) values(7,145,3,1);
insert into "PLANNING_TOOL"."ALLOCATION_CATEGORY_OPTION_LEVEL"( ALLOCATION_CATEGORY_ID, ALLOCATION_OPTION_ID, HIERARCHY_LEVEL_ID, CREATED_USER_ID) values(7,49,3,1);
insert into "PLANNING_TOOL"."ALLOCATION_CATEGORY_OPTION_LEVEL"( ALLOCATION_CATEGORY_ID, ALLOCATION_OPTION_ID, HIERARCHY_LEVEL_ID, CREATED_USER_ID) values(7,50,3,1);
insert into "PLANNING_TOOL"."ALLOCATION_CATEGORY_OPTION_LEVEL"( ALLOCATION_CATEGORY_ID, ALLOCATION_OPTION_ID, HIERARCHY_LEVEL_ID, CREATED_USER_ID) values(7,60,3,1);
insert into "PLANNING_TOOL"."ALLOCATION_CATEGORY_OPTION_LEVEL"( ALLOCATION_CATEGORY_ID, ALLOCATION_OPTION_ID, HIERARCHY_LEVEL_ID, CREATED_USER_ID) values(7,67,3,1);
insert into "PLANNING_TOOL"."ALLOCATION_CATEGORY_OPTION_LEVEL"( ALLOCATION_CATEGORY_ID, ALLOCATION_OPTION_ID, HIERARCHY_LEVEL_ID, CREATED_USER_ID) values(7,70,3,1);
insert into "PLANNING_TOOL"."ALLOCATION_CATEGORY_OPTION_LEVEL"( ALLOCATION_CATEGORY_ID, ALLOCATION_OPTION_ID, HIERARCHY_LEVEL_ID, CREATED_USER_ID) values(7,78,3,1);
insert into "PLANNING_TOOL"."ALLOCATION_CATEGORY_OPTION_LEVEL"( ALLOCATION_CATEGORY_ID, ALLOCATION_OPTION_ID, HIERARCHY_LEVEL_ID, CREATED_USER_ID) values(7,80,3,1);
insert into "PLANNING_TOOL"."ALLOCATION_CATEGORY_OPTION_LEVEL"( ALLOCATION_CATEGORY_ID, ALLOCATION_OPTION_ID, HIERARCHY_LEVEL_ID, CREATED_USER_ID) values(7,85,3,1);
insert into "PLANNING_TOOL"."ALLOCATION_CATEGORY_OPTION_LEVEL"( ALLOCATION_CATEGORY_ID, ALLOCATION_OPTION_ID, HIERARCHY_LEVEL_ID, CREATED_USER_ID) values(7,95,3,1);
insert into "PLANNING_TOOL"."ALLOCATION_CATEGORY_OPTION_LEVEL"( ALLOCATION_CATEGORY_ID, ALLOCATION_OPTION_ID, HIERARCHY_LEVEL_ID, CREATED_USER_ID) values(7,96,3,1);
insert into "PLANNING_TOOL"."ALLOCATION_CATEGORY_OPTION_LEVEL"( ALLOCATION_CATEGORY_ID, ALLOCATION_OPTION_ID, HIERARCHY_LEVEL_ID, CREATED_USER_ID) values(7,97,3,1);
insert into "PLANNING_TOOL"."ALLOCATION_CATEGORY_OPTION_LEVEL"( ALLOCATION_CATEGORY_ID, ALLOCATION_OPTION_ID, HIERARCHY_LEVEL_ID, CREATED_USER_ID) values(7,98,3,1);
insert into "PLANNING_TOOL"."ALLOCATION_CATEGORY_OPTION_LEVEL"( ALLOCATION_CATEGORY_ID, ALLOCATION_OPTION_ID, HIERARCHY_LEVEL_ID, CREATED_USER_ID) values(7,99,3,1);
insert into "PLANNING_TOOL"."ALLOCATION_CATEGORY_OPTION_LEVEL"( ALLOCATION_CATEGORY_ID, ALLOCATION_OPTION_ID, HIERARCHY_LEVEL_ID, CREATED_USER_ID) values(7,100,3,1);
insert into "PLANNING_TOOL"."ALLOCATION_CATEGORY_OPTION_LEVEL"( ALLOCATION_CATEGORY_ID, ALLOCATION_OPTION_ID, HIERARCHY_LEVEL_ID, CREATED_USER_ID) values(7,101,3,1);
insert into "PLANNING_TOOL"."ALLOCATION_CATEGORY_OPTION_LEVEL"( ALLOCATION_CATEGORY_ID, ALLOCATION_OPTION_ID, HIERARCHY_LEVEL_ID, CREATED_USER_ID) values(7,102,3,1);
insert into "PLANNING_TOOL"."ALLOCATION_CATEGORY_OPTION_LEVEL"( ALLOCATION_CATEGORY_ID, ALLOCATION_OPTION_ID, HIERARCHY_LEVEL_ID, CREATED_USER_ID) values(7,103,3,1);
insert into "PLANNING_TOOL"."ALLOCATION_CATEGORY_OPTION_LEVEL"( ALLOCATION_CATEGORY_ID, ALLOCATION_OPTION_ID, HIERARCHY_LEVEL_ID, CREATED_USER_ID) values(7,104,3,1);
insert into "PLANNING_TOOL"."ALLOCATION_CATEGORY_OPTION_LEVEL"( ALLOCATION_CATEGORY_ID, ALLOCATION_OPTION_ID, HIERARCHY_LEVEL_ID, CREATED_USER_ID) values(7,105,3,1);
insert into "PLANNING_TOOL"."ALLOCATION_CATEGORY_OPTION_LEVEL"( ALLOCATION_CATEGORY_ID, ALLOCATION_OPTION_ID, HIERARCHY_LEVEL_ID, CREATED_USER_ID) values(7,106,3,1);
insert into "PLANNING_TOOL"."ALLOCATION_CATEGORY_OPTION_LEVEL"( ALLOCATION_CATEGORY_ID, ALLOCATION_OPTION_ID, HIERARCHY_LEVEL_ID, CREATED_USER_ID) values(7,107,3,1);
insert into "PLANNING_TOOL"."ALLOCATION_CATEGORY_OPTION_LEVEL"( ALLOCATION_CATEGORY_ID, ALLOCATION_OPTION_ID, HIERARCHY_LEVEL_ID, CREATED_USER_ID) values(7,108,3,1);
insert into "PLANNING_TOOL"."ALLOCATION_CATEGORY_OPTION_LEVEL"( ALLOCATION_CATEGORY_ID, ALLOCATION_OPTION_ID, HIERARCHY_LEVEL_ID, CREATED_USER_ID) values(7,109,3,1);
insert into "PLANNING_TOOL"."ALLOCATION_CATEGORY_OPTION_LEVEL"( ALLOCATION_CATEGORY_ID, ALLOCATION_OPTION_ID, HIERARCHY_LEVEL_ID, CREATED_USER_ID) values(7,110,3,1);
insert into "PLANNING_TOOL"."ALLOCATION_CATEGORY_OPTION_LEVEL"( ALLOCATION_CATEGORY_ID, ALLOCATION_OPTION_ID, HIERARCHY_LEVEL_ID, CREATED_USER_ID) values(7,111,3,1);
insert into "PLANNING_TOOL"."ALLOCATION_CATEGORY_OPTION_LEVEL"( ALLOCATION_CATEGORY_ID, ALLOCATION_OPTION_ID, HIERARCHY_LEVEL_ID, CREATED_USER_ID) values(7,112,3,1);
insert into "PLANNING_TOOL"."ALLOCATION_CATEGORY_OPTION_LEVEL"( ALLOCATION_CATEGORY_ID, ALLOCATION_OPTION_ID, HIERARCHY_LEVEL_ID, CREATED_USER_ID) values(7,113,3,1);
insert into "PLANNING_TOOL"."ALLOCATION_CATEGORY_OPTION_LEVEL"( ALLOCATION_CATEGORY_ID, ALLOCATION_OPTION_ID, HIERARCHY_LEVEL_ID, CREATED_USER_ID) values(7,114,3,1);
insert into "PLANNING_TOOL"."ALLOCATION_CATEGORY_OPTION_LEVEL"( ALLOCATION_CATEGORY_ID, ALLOCATION_OPTION_ID, HIERARCHY_LEVEL_ID, CREATED_USER_ID) values(7,115,3,1);
insert into "PLANNING_TOOL"."ALLOCATION_CATEGORY_OPTION_LEVEL"( ALLOCATION_CATEGORY_ID, ALLOCATION_OPTION_ID, HIERARCHY_LEVEL_ID, CREATED_USER_ID) values(7,116,3,1);
insert into "PLANNING_TOOL"."ALLOCATION_CATEGORY_OPTION_LEVEL"( ALLOCATION_CATEGORY_ID, ALLOCATION_OPTION_ID, HIERARCHY_LEVEL_ID, CREATED_USER_ID) values(7,117,3,1);
insert into "PLANNING_TOOL"."ALLOCATION_CATEGORY_OPTION_LEVEL"( ALLOCATION_CATEGORY_ID, ALLOCATION_OPTION_ID, HIERARCHY_LEVEL_ID, CREATED_USER_ID) values(7,118,3,1);
insert into "PLANNING_TOOL"."ALLOCATION_CATEGORY_OPTION_LEVEL"( ALLOCATION_CATEGORY_ID, ALLOCATION_OPTION_ID, HIERARCHY_LEVEL_ID, CREATED_USER_ID) values(7,119,3,1);
insert into "PLANNING_TOOL"."ALLOCATION_CATEGORY_OPTION_LEVEL"( ALLOCATION_CATEGORY_ID, ALLOCATION_OPTION_ID, HIERARCHY_LEVEL_ID, CREATED_USER_ID) values(7,120,3,1);
insert into "PLANNING_TOOL"."ALLOCATION_CATEGORY_OPTION_LEVEL"( ALLOCATION_CATEGORY_ID, ALLOCATION_OPTION_ID, HIERARCHY_LEVEL_ID, CREATED_USER_ID) values(7,126,3,1);
insert into "PLANNING_TOOL"."ALLOCATION_CATEGORY_OPTION_LEVEL"( ALLOCATION_CATEGORY_ID, ALLOCATION_OPTION_ID, HIERARCHY_LEVEL_ID, CREATED_USER_ID) values(7,127,3,1);
insert into "PLANNING_TOOL"."ALLOCATION_CATEGORY_OPTION_LEVEL"( ALLOCATION_CATEGORY_ID, ALLOCATION_OPTION_ID, HIERARCHY_LEVEL_ID, CREATED_USER_ID) values(7,128,3,1);
insert into "PLANNING_TOOL"."ALLOCATION_CATEGORY_OPTION_LEVEL"( ALLOCATION_CATEGORY_ID, ALLOCATION_OPTION_ID, HIERARCHY_LEVEL_ID, CREATED_USER_ID) values(7,129,3,1);
insert into "PLANNING_TOOL"."ALLOCATION_CATEGORY_OPTION_LEVEL"( ALLOCATION_CATEGORY_ID, ALLOCATION_OPTION_ID, HIERARCHY_LEVEL_ID, CREATED_USER_ID) values(7,130,3,1);
insert into "PLANNING_TOOL"."ALLOCATION_CATEGORY_OPTION_LEVEL"( ALLOCATION_CATEGORY_ID, ALLOCATION_OPTION_ID, HIERARCHY_LEVEL_ID, CREATED_USER_ID) values(7,131,3,1);
insert into "PLANNING_TOOL"."ALLOCATION_CATEGORY_OPTION_LEVEL"( ALLOCATION_CATEGORY_ID, ALLOCATION_OPTION_ID, HIERARCHY_LEVEL_ID, CREATED_USER_ID) values(7,132,3,1);
insert into "PLANNING_TOOL"."ALLOCATION_CATEGORY_OPTION_LEVEL"( ALLOCATION_CATEGORY_ID, ALLOCATION_OPTION_ID, HIERARCHY_LEVEL_ID, CREATED_USER_ID) values(7,133,3,1);
insert into "PLANNING_TOOL"."ALLOCATION_CATEGORY_OPTION_LEVEL"( ALLOCATION_CATEGORY_ID, ALLOCATION_OPTION_ID, HIERARCHY_LEVEL_ID, CREATED_USER_ID) values(7,134,3,1);
insert into "PLANNING_TOOL"."ALLOCATION_CATEGORY_OPTION_LEVEL"( ALLOCATION_CATEGORY_ID, ALLOCATION_OPTION_ID, HIERARCHY_LEVEL_ID, CREATED_USER_ID) values(7,135,3,1);
insert into "PLANNING_TOOL"."ALLOCATION_CATEGORY_OPTION_LEVEL"( ALLOCATION_CATEGORY_ID, ALLOCATION_OPTION_ID, HIERARCHY_LEVEL_ID, CREATED_USER_ID) values(7,136,3,1);
insert into "PLANNING_TOOL"."ALLOCATION_CATEGORY_OPTION_LEVEL"( ALLOCATION_CATEGORY_ID, ALLOCATION_OPTION_ID, HIERARCHY_LEVEL_ID, CREATED_USER_ID) values(7,137,3,1);
insert into "PLANNING_TOOL"."ALLOCATION_CATEGORY_OPTION_LEVEL"( ALLOCATION_CATEGORY_ID, ALLOCATION_OPTION_ID, HIERARCHY_LEVEL_ID, CREATED_USER_ID) values(7,138,3,1);
insert into "PLANNING_TOOL"."ALLOCATION_CATEGORY_OPTION_LEVEL"( ALLOCATION_CATEGORY_ID, ALLOCATION_OPTION_ID, HIERARCHY_LEVEL_ID, CREATED_USER_ID) values(7,143,3,1);
insert into "PLANNING_TOOL"."ALLOCATION_CATEGORY_OPTION_LEVEL"( ALLOCATION_CATEGORY_ID, ALLOCATION_OPTION_ID, HIERARCHY_LEVEL_ID, CREATED_USER_ID) values(5,3,3,1);
insert into "PLANNING_TOOL"."ALLOCATION_CATEGORY_OPTION_LEVEL"( ALLOCATION_CATEGORY_ID, ALLOCATION_OPTION_ID, HIERARCHY_LEVEL_ID, CREATED_USER_ID) values(5,38,3,1);
insert into "PLANNING_TOOL"."ALLOCATION_CATEGORY_OPTION_LEVEL"( ALLOCATION_CATEGORY_ID, ALLOCATION_OPTION_ID, HIERARCHY_LEVEL_ID, CREATED_USER_ID) values(5,44,3,1);
insert into "PLANNING_TOOL"."ALLOCATION_CATEGORY_OPTION_LEVEL"( ALLOCATION_CATEGORY_ID, ALLOCATION_OPTION_ID, HIERARCHY_LEVEL_ID, CREATED_USER_ID) values(5,48,3,1);
insert into "PLANNING_TOOL"."ALLOCATION_CATEGORY_OPTION_LEVEL"( ALLOCATION_CATEGORY_ID, ALLOCATION_OPTION_ID, HIERARCHY_LEVEL_ID, CREATED_USER_ID) values(5,51,3,1);
insert into "PLANNING_TOOL"."ALLOCATION_CATEGORY_OPTION_LEVEL"( ALLOCATION_CATEGORY_ID, ALLOCATION_OPTION_ID, HIERARCHY_LEVEL_ID, CREATED_USER_ID) values(5,52,3,1);
insert into "PLANNING_TOOL"."ALLOCATION_CATEGORY_OPTION_LEVEL"( ALLOCATION_CATEGORY_ID, ALLOCATION_OPTION_ID, HIERARCHY_LEVEL_ID, CREATED_USER_ID) values(5,53,3,1);
insert into "PLANNING_TOOL"."ALLOCATION_CATEGORY_OPTION_LEVEL"( ALLOCATION_CATEGORY_ID, ALLOCATION_OPTION_ID, HIERARCHY_LEVEL_ID, CREATED_USER_ID) values(5,75,3,1);
insert into "PLANNING_TOOL"."ALLOCATION_CATEGORY_OPTION_LEVEL"( ALLOCATION_CATEGORY_ID, ALLOCATION_OPTION_ID, HIERARCHY_LEVEL_ID, CREATED_USER_ID) values(5,94,3,1);
insert into "PLANNING_TOOL"."ALLOCATION_CATEGORY_OPTION_LEVEL"( ALLOCATION_CATEGORY_ID, ALLOCATION_OPTION_ID, HIERARCHY_LEVEL_ID, CREATED_USER_ID) values(5,123,3,1);

-- *************************************************************************************
-- Update schema version
INSERT INTO SCHEMA_VERSION(VERSION, DESCRIPTION, SCRIPT)
VALUES('V5.0.0-23', 'Initial data for category and options', 'V201702091610__Initial_Data_Category_Option_ByLevel.sql');

COMMIT;